Name,Address,Status,Classes_This_Week
Club Pilates West Village,"389 6th Ave, Manhattan, NY, 10014",Open,57
Club Pilates Penn Station,"501 7th Avenue, #110, New York, NY, 10018",coming soon,N/A
Club Pilates West Chelsea,"601 W 26th Street, New York, NY, 10001",Open,46
Club Pilates Midtown East,"850 2nd Ave, New York, NY, 10017",Open,89
Club Pilates Tribeca,"47 Murray St, New York, NY, 10007",Open,59
Club Pilates North 3rd,"56 N 3rd Street, Brooklyn, NY, 11249",Open,74
Club Pilates Hoboken,"1400 Hudson St., Ste. 3C, Hoboken, NJ, 07030",Open,78
Club Pilates East 62nd,"1181 2nd Avenue, New York, NY, 10065",coming soon,N/A
Club Pilates East 62nd,"1181 2nd Avenue, New York, NY, 10065",coming soon,N/A
Club Pilates West 57th,"601 W. 57th Street, New York, NY, 10019",Open,74
Club Pilates Jersey City,"171 Morgan Street, Jersey City, NJ, 07302",Open,79
Club Pilates Cobble Hill,"181 Pacific St., Brooklyn, NY, 11201",Open,74
Club Pilates West New York,"45-4 Riverwalk Pl., West New York, NJ, 07093",Open,80
Club Pilates East 89th,"1715 First Avenue, New York, NY, 10128",Open,89
Club Pilates Upper West Side,"580 Columbus Avenue, New York, NY, 10024",Open,94
Club Pilates Park Slope,"336 Flatbush Ave, Brooklyn, NY, 11238",Open,79
Club Pilates Towne Center Edgewater,"14 Edgewater Towne Center, Suite 3D, Edgewater, NJ, 07020",Open,82
Club Pilates Austin Street,"70-39A Austin Street, Forest Hills, NY, 11375",Open,79
Club Pilates Fort Lee,"201 Main Street, Fort Lee, NJ, 07024",Open,166
Club Pilates Bay Ridge,"540 86th St, Brooklyn, NY, 11209",Open,71
Club Pilates Rutherford,"1 Orient Way, Rutherford, Rutherford, NJ, 07070",coming soon,N/A
Club Pilates Kings Highway,"485 Kings Highway, Brooklyn, NY, 11223",Open,68
Club Pilates Sheepshead Bay,"1635 Sheepshead Bay Rd, Brooklyn, NY, 11235",Open,85
Club Pilates Fresh Meadows,"179-26 Union Turnpike, Flushing, NY, 11366",coming soon,N/A
Club Pilates Town Square Clifton,"700 Route 3 West, Clifton, NJ, 07012",Open,84
Club Pilates Englewood,"19 W. Palisade Ave., Englewood, NJ, 07631",Open,78
Club Pilates Bayside,"208-02 Cross Island Pkwy, Unit 4, Bayside, NY, 11360",Open,80
Club Pilates Hackensack,"1051 Main Street, River Edge, NJ, 07661",Open,98
Club Pilates Montclair,"568 Bloomfield Avenue, Montclair, NJ, 07042",Open,59
Club Pilates New Dorp,"2704-A Hylan Blvd, Staten Island, NY, 10306",coming soon,N/A
Club Pilates Staten Island,"2655 Richmond Ave, Staten Island, NY, 10314",Open,61
Club Pilates Lake Success (LA Fitness),"1111 MARCUS AVENUE, NEW HYDE PARK, NY, 11042",Open,38
Club Pilates Paramus Park,"700 Paramus Park, Paramus, NJ, 07652",Open,82
Club Pilates New Hyde Park,"1632 Marcus Ave., New Hyde Park, NY, 11040",Open,69
Club Pilates Emerson,"437 Old Hook Road, Unit #5, Emerson, NJ, 07630",Open,68
Club Pilates West Caldwell,"770 Bloomfield Ave., West Caldwell, NJ, 07006",Open,56
Club Pilates Short Hills,"800 Morris Tpke., Suite 103, Short Hills, NJ, 07078",Open,59
Club Pilates Quaker Ridge,"77 Quaker Ridge Rd., New Rochelle, NY, 10804",Open,72
Club Pilates Garden City,"181 Seventh Street, Garden City, NY, 11530",Open,63
Club Pilates Livingston,"277 Eisenhower Pkwy., Livingston, NJ, 07039",Open,64
Club Pilates Northvale,"269 Livingston Street, Ste P, Northvale, NJ, 07647",Open,84
Club Pilates Westfield,"225 East Broad St., Westfield, NJ, 07090",Open,89
Club Pilates Wyckoff,"525 Cedar Hill Ave., Wyckoff, NJ, 07481",Open,73
Club Pilates Oceanside,"3197 Long Beach Road, Oceanside, NY, 11572",Open,78
Club Pilates Wayne,"1616 Route 23 North, Wayne, NJ, 07470",Open,72
Club Pilates Ardsley,"875 Saw Mill River Rd., Ardsley, NY, 10502",Open,64
Club Pilates Scarsdale,"365 Central Park Ave., Scarsdale, NY, 10583",Open,57
Club Pilates Montvale,"26 Farm View, Montvale, NJ, 07645",Open,75
Club Pilates Madison,"53 Main St., Madison, NJ, 07940",Open,49
Club Pilates East Meadow,"1949 Front Street, East Meadow, NY, 11554",Open,78
Club Pilates Merrick,"1674 Merrick Rd., Merrick, NY, 11566",Open,69
Club Pilates Ramsey,"875 Route 17 South, Ramsey, NJ, 07446",Open,61
Club Pilates Oakland,"350 Ramapo Valley Rd, Unit 430, Oakland, NJ, 07436",Open,59
Club Pilates Metuchen,"660 Middlesex Avenue, Suite 100, Metuchen, NJ, 08840",Open,82
Club Pilates Middletown,"1377 Route 35, Middletown, NJ, 07748",Open,67
Club Pilates Port Chester,"527 Boston Post Road, Port Chester, NY, 10573",Open,64
Club Pilates Edison (LA Fitness),"905 US Route 1, Edison, NJ, 08817",Open,44
Club Pilates Wantagh,"1173 Wantagh Avenue, Wantagh, NY, 11793",Open,56
Club Pilates Morristown,"170 E Hanover Avenue, Morristown, NJ, 07960",Open,53
Club Pilates Suffern,"5 North Airmont Road, Suffern, NY, 10901",Open,50
Club Pilates Massapequa,"4222 Sunrise Hwy., Massapequa, NY, 11758",Open,60
Club Pilates Syosset-Woodbury,"7947 Jericho Turnpike, Woodbury, NY, 11797",Open,65
Club Pilates New City,"208 South Main Street, New City, NY, 10956",Open,71
Club Pilates Denville,"3056 Route 10 West, Denville, NJ, 07834",Open,76
Club Pilates 35 Shrewsbury,"160 Shrewsbury Plaza, Shrewsbury, NJ, 07702",Open,60
Club Pilates East Brunswick,"51 Arthur Street, Suite G, East Brunswick, NJ, 08816",Open,53
Club Pilates Greenwich,"1381 E Putnam Ave, Old Greenwich, CT, 06870",Open,69
Club Pilates Briarcliff,"1912 Pleasantville Road, Briarcliff Manor, NY, 10510",coming soon,N/A
Club Pilates Marlboro,"12 Route 9 North, Suite 105, Morganville, NJ, 07751",Open,60
Club Pilates Melville,"874 Walt Whitman Road, Melville, NY, 11747",Open,70
Club Pilates North Brunswick,"541 Shoppes Blvd, Suite A, North Brunswick, NJ, 08902",Open,56
Club Pilates Basking Ridge,"25 Mountainview Blvd., Basking Ridge, NJ, 07920",Open,65
Club Pilates Rockaway Township,"343 Mount Hope Avenue, Suite 1012, Rockaway, NJ, 07866",Open,53
Club Pilates Bridgewater,"334 Chimney Rock Rd., Bound Brook, NJ, 08805",Open,73
Club Pilates Stamford,"1051 Long Ridge Road, Stamford, CT, 06903",coming soon,N/A
Club Pilates Ocean Plaza,"1100 NJ-35, Ocean Township, NJ, 07712",Open,70
Club Pilates Mount Kisco,"30 E. Main St., Mount Kisco, NY, 10549",Open,76
Club Pilates Darien,"1063 Boston Post Rd., Darien, CT, 06820",Open,64
Club Pilates West Islip,"425 Union Blvd, West Islip, NY, 11795",coming soon,N/A
Club Pilates Commack,"6226 Jericho Turnpike, Commack, NY, 11725",Open,69
Club Pilates Chester,"203 US-206, Chester, NJ, 07930",coming soon,N/A
Club Pilates Manalapan,"400 Crossing Lane, Suite 90, Manalapan, NJ, 07726",coming soon,N/A
Club Pilates New Canaan,"70 Main Street, New Canaan, CT, 06840",Open,73
Club Pilates Bay Shore,"571 East Main Street, Bay Shore, NY, 11706",Open,60
Club Pilates Montgomery,"21 Belle Mead Griggstown Road, Montgomery, NJ, 08502",Open,52
Club Pilates Wall Township,"1919 Route 35, Wall Township, NJ, 07719",Open,71
Club Pilates Howell,"4797 US Route 9, Howell, NJ, 07731",Open,65
Club Pilates Westport,"427 Post Road East, Westport, CT, 06880",Open,62
Club Pilates Princeton,"3535 US Route 1, Suite 420, Princeton, NJ, 08540",Open,79
Club Pilates Lake Grove,"139A Alexander Avenue, Lake Grove, NY, 11755",Open,63
Club Pilates Fairfield,"85 Mill Plain Rd Sportsplex, Sportsplex - Building V, Fairfield, CT, 06824",Open,71
Club Pilates Flemington,"100 Reaville Ave., Flemington, NJ, 08822",Open,46
Club Pilates Goshen,"106-107 Clowes Avenue, Goshen, NY, 10924",coming soon,N/A
Club Pilates Bayport,"903 Montauk Hwy, Bayport, NY, 11705",Open,66
Club Pilates Miller Place,"159 Route 25A, Miller Place, NY, 11764",Open,66
Club Pilates Danbury,"132 Federal Road, Unit C, Danbury, CT, 06811",Open,74
Club Pilates Shelton,"785 Bridgeport Ave, Unit I, Shelton, CT, 06484",coming soon,N/A
Club Pilates Newtown,"44 West Road, Newtown, PA, 18940",Open,73
Club Pilates Poughkeepsie,"1895 South Rd, Poughkeepsie, NY, 12601",coming soon,N/A
Club Pilates Richboro,"800 Bustleton pike, Richboro, PA, 18954",coming soon,N/A
Club Pilates Bensalem (LA Fitness),"500 Rockhill Drive, Bensalem, PA, 19020",Open,26
Club Pilates Nazareth,"3712-3 Easton-Nazareth Highway, Easton, PA, 18045",Open,52
Club Pilates Doylestown,"1745 S. Easton Rd, Ste. H4, Doylestown, PA, 18901",Open,77
Club Pilates New Haven,"298 Crown Street, New Haven, CT, 06511",Open,74
Club Pilates Moorestown,"320 Young Avenue, Moorestown, NJ, 08057",Open,69
Club Pilates Jenkintown,"1627 The Fairway, Jenkintown, PA, 19046",Open,71
Club Pilates Springhouse,"1105-D North Bethlehem Pike, Spring House, PA, 19477",Open,79
Club Pilates Marlton,"101 Route 73 S, Suite 115, Marlton, NJ, 08053",Open,69
Club Pilates Blue Bell,"756 DeKalb Pike, Blue Bell, PA, 19422",Open,59
Club Pilates Haddonfield,"660 W Cuthbert Boulevard, Suite 21, Westmont, NJ, 08108",coming soon,N/A
Club Pilates Conshohocken,"22 E Ridge Pike, Conshohocken, PA, 19428",Open,71
Club Pilates Rittenhouse Square,"1616 Walnut Street, Philadelphia, PA, 19103",Open,60
Club Pilates Southampton,"850 County Road 39, Unit 3, Southampton, NY, 11968",Open,56
Club Pilates Collegeville,"222 East Main St., #12, Collegeville, PA, 19426",Open,80
Club Pilates Cross Keys,"601 Berlin - Cross Keys Road, Gloucester Township, NJ, 08081",coming soon,N/A
Club Pilates Newtown Square,"104 Squire Drive, Suite A, Newtown Square, PA, 19073",Open,57
Club Pilates Whiskey Mill,"121 Berkley Rd., Suite C, Clarksboro, NJ, 08020",Open,70
Club Pilates West Hartford,"1445 New Britain Ave, West Hartford, CT, 06110",Open,61
Club Pilates Frazer,"215 Lancaster Ave., Frazer, PA, 19355",Open,76
Club Pilates Avon,"380 West Main Street, Avon, CT, 06001",Open,69
Club Pilates Glastonbury,"35 Welles St., Glastonbury, CT, 06033",Open,65
Club Pilates Exton,"812 N Pottstown Pike, Exton, PA, 19341",Open,79
Club Pilates Whiteland Towne Center,"121 W Lincoln Highway, Exton, PA, 19341",Open,63
Club Pilates Somers Point,"3 Bethel Road, Unit 290, Somers Point, NJ, 08244",Open,59
Club Pilates Brandywine Wilmington,"5610 Concord Pike, Wilmington, DE, 19803",Open,71
Club Pilates Wyomissing,"951 Hill Avenue, Suite 10, Wyomissing, PA, 19610",Open,109
Club Pilates Kennett Square,"857 East Baltimore Pike, Kennett Square, PA, 19348",Open,79
Club Pilates Pike Creek,"4811 Limestone Road, Wilmington, DE, 19808",Open,52
Club Pilates Bear,"1730 Pulaski Hwy, Bear, DE, 19701",coming soon,N/A
Club Pilates Westown Middletown,"1651 Lake Seymour Dr, Middletown, DE, 19709",coming soon,N/A
Club Pilates Lancaster,"1567 Fruitville Pike, Suite 3, Lancaster, PA, 17601",Open,71
Club Pilates Northway Mall,"1440 Central Ave, Albany, NY, 12205",coming soon,N/A
Club Pilates East Greenwich,"1000 Division St, Suite 75, East Greenwich, RI, 02818",Open,69
Club Pilates Clifton Park,"15 Clifton Country Rd, Clifton Park, NY, 12065",Open,56
Club Pilates Johnston,"1 Commerce Way, Johnston, RI, 02919",Open,71
Club Pilates Bel Air,"634 Marketplace Drive, Bel Air, MD, 21014",Open,62
Club Pilates Shrewsbury,"193 Boston Turnpike, Suite 5120, Shrewsbury, MA, 01545",Open,53
Club Pilates Perry Hall,"5007 Honeygo Center Drive, Suite 106, Perry Hall, MD, 21128",Open,61
Club Pilates Hunt Valley,"100 Shawan Rd., Ste. C, Hunt Valley, MD, 21030",Open,55
Club Pilates Lutherville,"1411 York Road, Lutherville, MD, 21093",Open,58
Club Pilates Canton Waterfront,"3904 Boston St, Suite 105, Baltimore, MD, 21224",Open,56
Club Pilates Rotunda,"727 W 40th Street, Suite 132, Baltimore, MD, 21211",Open,63
Club Pilates Framingham,"280 Worcester Road, Framingham, MA, 01702",Open,61
Club Pilates Owings Mills,"10209 Grand Central Ave., #110, Owings Mills, MD, 21117",Open,40
Club Pilates Village Shoppes,"95 Washington Street, Canton, MA, 02021",Open,62
Club Pilates Wellesley,"200C Linden Street, Wellesley, MA, 02482",Open,61
Club Pilates Severna Park,"454 B Governor Ritchie Highway, Severna Park, MD, 21146",Open,69
Club Pilates Annapolis,"2661 Riva Rd, Bldg. 600, Suite 625, Annapolis, MD, 21401",Open,69
Club Pilates Columbia East,"8865 Stanford Blvd, Columbia, MD, 21045",coming soon,N/A
Club Pilates Brookline,"1360 Beacon Street, Brookline, MA, 02446",coming soon,N/A
Club Pilates Crofton,"2101 Concord Blvd., Suite F, Crofton, MD, 21114",Open,77
Club Pilates Burlington,"43 Middlesex Turnpike, Unit 12, Burlington, MA, 01803",Open,67
Club Pilates Back Bay,"31 St. James Ave, Boston, MA, 02116",coming soon,N/A
Club Pilates Assembly Row,"389 Revolution Dr., Somerville, MA, 02145",Open,52
Club Pilates Laurel,"14712 Baltimore Ave, Suite 103, Laurel, MD, 20707",Open,54
Club Pilates Hanover,"1775 Washington Street, Suite 730, Hanover, MA, 02339",coming soon,N/A
Club Pilates Colony Place Plymouth,"174 Colony Place, Suite 126B, Plymouth, MA, 02360",coming soon,N/A
Club Pilates Hingham,"15 Shipyard Dr., Hingham, MA, 02043",Open,73
Club Pilates Woburn,"103 Commerce Way, Unit B, Woburn, MA, 01801",Open,52
Club Pilates Dewitt,"3409 Erie Blvd East, Suite 175, Syracuse, NY, 13214",Open,53
Club Pilates Lynnfield,"671 Market Street, Lynnfield, MA, 01940",Open,82
Club Pilates Olney,"18119 Town Center Dr., Olney, MD, 20832",Open,56
Club Pilates Woodmore,"2200 Petrie Lane, Suite 534, Glenarden, MD, 20706",Open,79
Club Pilates Riverdale Park,"6710 45th St, Suite 2B3, Riverdale, MD, 20737",coming soon,N/A
Club Pilates North Andover,"93 Turnpike St., North Andover, MA, 01845",Open,74
Club Pilates Salem,"19 Paradise Road, Salem, MA, 01970",Open,69
Club Pilates Bedford,"3-5 Colby Ct, #300B, Bedford, NH, 03110",Open,72
Club Pilates Silver Spring,"956 Thayer Ave, Silver Spring, MD, 20910",Open,56
Club Pilates North Bethesda,"5544 Randolph Rd., Rockville, MD, 20852",Open,67
Club Pilates Germantown,"20946-B Frederick Road, Germantown, MD, 20876",Open,50
Club Pilates Gaithersburg,"123 Crown Park Ave, Gaithersburg, MD, 20878",Open,60
Club Pilates South Frederick,"4959 Westview Dr., Ste. D, Frederick, MD, 21703",Open,46
Club Pilates Mount Vernon Triangle,"901 4th Street NW, Washington, DC, 20001",Open,45
Club Pilates Bethesda,"4959 Elm St, Bethesda, MD, 20814",Open,53
Club Pilates Tenleytown,"4433 Wisconsin Avenue, NW, Washington, DC, 20016",Open,39
Club Pilates Georgetown DC,"1065 Wisconsin Ave NW, Suite C, Washington, DC, 20007",coming soon,N/A
Club Pilates Pentagon City,"1101 S. Joyce St., Ste. B14, Arlington, VA, 22202",Open,58
Club Pilates Alexandria,"1725 Jamieson Avenue, Alexandria, VA, 22314",Open,69
Club Pilates Seven Corners,"6112 Arlington Blvd, Suite J, Falls Church, VA, 22044",coming soon,N/A
Club Pilates Falls Church,"116 Founders Avenue, Falls Church, VA, 22046",Open,65
Club Pilates Tysons Corner,"1521 Boyd Pointe Way, Ste. B, Vienna, VA, 22182",Open,58
Club Pilates Waldorf,"3716 Crain Highway, Waldorf, MD, 20602",Open,60
Club Pilates Newburyport,"35 Storey Avenue, Unit #2, Newburyport, MA, 01950",Open,77
Club Pilates Kingstowne,"5810 Kingstowne Towne Center, Suite D110, Alexandria, VA, 22315",Open,61
Club Pilates Potomac Falls,"47100 Community Plaza, #130, Sterling, VA, 20164",Open,54
Club Pilates SOMD,"44940 St. Andrews Church Rd, Suite I, California, MD, 20619",Open,73
Club Pilates Oakton,"2946 Chain Bridge Rd, Unit N, Oakton, VA, 22124",coming soon,N/A
Club Pilates Reston,"2535 John Milton Dr, Herndon, VA, 20171",Open,90
Club Pilates Leesburg,"623 Potomac Station Drive, Leesburg, VA, 20176",Open,68
Club Pilates West Springfield,"8426 Old Keene Mill Road, West Springfield, VA, 22152",coming soon,N/A
Club Pilates Ashburn,"43670 Greenway Corporate Dr., Suite 124, Ashburn, VA, 20147",Open,66
Club Pilates Burke,"5765 Burke Center Pkwy., Ste. S, Burke, VA, 22015",Open,83
Club Pilates Fair Lakes,"4467 Market Commons Drive, Fairfax, VA, 22033",Open,70
Club Pilates Lorton,"8971 Ox Road, Suite 100, Lorton, VA, 22079",Open,67
Club Pilates Lake Ridge,"4130 Merchant Plaza, Woodbridge, VA, 22192",Open,71
Club Pilates Portsmouth,"2454 Lafayette Rd., Unit 11, Portsmouth, NH, 03801",Open,77
Club Pilates Virginia Gateway,"7364 Atlas Walk Way, Gainesville, VA, 20155",Open,39
Club Pilates Bristow,"10492 Bristow Center Drive, Bristow, VA, 20136",coming soon,N/A
Club Pilates Canaltown,"6687 Pittsford Palmyra Rd, Fairport, NY, 14450",Open,63
Club Pilates Stafford,"1425 Stafford Marketplace Drive, Stafford, VA, 22556",Open,68
Club Pilates Winchester,"2082 S Pleasant Valley Road, Winchester, VA, 22601",Closed,N/A
Club Pilates Brighton Rochester,"1890 Monroe Ave., Rochester, NY, 14618",Open,69
Club Pilates Fredericksburg,"1420 Central Park Blvd, Suite 103, Fredericksburg, VA, 22401",coming soon,N/A
Club Pilates Williston,"62 Merchants Row, Williston, VT, 05495",Open,70
Club Pilates West Bayside,"75 Chestnut St, Ste 101, Portland, ME, 04101",Open,59
Club Pilates Williamsburg,"4640 Casey Blvd, Suite 110, Williamsburg, VA, 23188",Open,57
Club Pilates Newport News,"12120 Jefferson Ave., Suite A, Newport News, VA, 23602",Open,77
Club Pilates Shady Grove,"5454 Wyndham Forest Drive, Glen Allen, VA, 23059",Open,56
Club Pilates Williamsville,"8060 Transit Rd, Williamsville, NY, 14221",coming soon,N/A
Club Pilates Ridge,"1537 N. Parham Road, Richmond, VA, 23229",Open,56
Club Pilates Hilltop,"1860 Laskin Rd., Suite 121, Virginia Beach, VA, 23454",Open,80
Club Pilates Norfolk,"W 25th St, Norfolk, VA, 23508",coming soon,N/A
Club Pilates Courthouse,"2476 Nimmo Parkway, Suite 108, Virginia Beach, VA, 23456",Open,74
Club Pilates Harbour View,"5836 Harbour View Blvd, Suite 350, Suffolk, VA, 23435",Open,80
Club Pilates Midlothian,"15613 WC Commons Way, Midlothian, VA, 23113",Open,53
Club Pilates Murrysville,"202 Blue Spruce Way, Murrysville, PA, 15668",Open,66
Club Pilates Woodlake,"7325 Hancock Village Drive, Chesterfield, VA, 23832",Open,52
Club Pilates Charlottesville,"2140 Barracks Road, Charlottesville, VA, 22903",Open,60
Club Pilates Great Bridge,"237 Hanbury Rd. East, Suite 12, Chesapeake, VA, 23322",Open,80
Club Pilates Hampton,"4655 William Flinn Hwy, #113, Allison Park, PA, 15101",Open,52
Club Pilates Shadyside,"5430 Centre Avenue, Pittsburgh, PA, 15232",Open,63
Club Pilates North Hills,"8013 McKnight Rd, 200B, Pittsburgh, PA, 15237",Open,55
Club Pilates Wexford,"101 Fowler Road, Suite C, Wexford, PA, 15090",Open,53
Club Pilates South Hills,"1500 Washington Rd., Suite 2601, Pittsburgh, PA, 15228",Open,75
Club Pilates McMurray,"3519 Washington Rd., McMurray, PA, 15317",Open,68
Club Pilates Moon,"860 Beaver Grade Road, Suite 200, Coraopolis, PA, 15108",Open,60
Club Pilates Brooklin,"5530 Baldwin St S, Unit B2, Whitby, ON, L1M 1T5",Open,67
Club Pilates Leslieville,"1015 - 1025 Lake Shore Blvd. East, Unit 12A, Toronto, ON, M4M 1B4",Open,72
Club Pilates College Park,"777 Bay St, Toronto, ON, M5B 2H7",coming soon,N/A
Club Pilates Wychwood,"1440 Bathurst Street, Unit 111, Toronto, ON, M5R 3S3",coming soon,N/A
Club Pilates Junction,"2720 Dundas Street West, Toronto, NU, M6P 1Y2",coming soon,N/A
Club Pilates North York,"82 Esther Shiner Boulevard, Suite 2B, North York, ON, M2K 0C6",Open,93
Club Pilates South Oakville,"3515 Rebecca St, Oakville, ON, L6L 0E3",coming soon,N/A
Club Pilates Glen Abbey,"300 North Service Road West, Unit B17A, Oakville, ON, L6M 2R9",Open,96
Club Pilates Erin Mills,"2575 Dundas Street West, Suite 2, Mississauga, ON, L5K 2M6",Open,77
Club Pilates North Burlington,"1801 Walkers Line, Unit 1-2, Burlington, ON, L7M 0H6",coming soon,N/A
Club Pilates Thornhill,"9301 Bathurst St, Richmond Hill, ON, L4C 9S2",Open,100
Club Pilates Ancaster,"1172 Wilson Street West, Unit 6, Ancaster, ON, L9G 3K9",Open,60
Club Pilates Woodbridge,"8565 Highway 27, Woodbridge, ON, L4L 1A7",coming soon,N/A
Club Pilates Newmarket,"17305 Leslie St, Newmarket, ON, L3Y 0A4",Open,99
Club Pilates Guelph South,"10 Samuel Drive, Unit B, Guelph, ON, N1L 0K2",Open,75
Club Pilates Barrie,"678 Veterans Drive, Unit 2, Barrie, ON, L9J 0H6",Open,62
Club Pilates Chagrin Falls,"8474 E. Washington St., Unit 11, Chagrin Falls, OH, 44023",Open,48
Club Pilates Waterloo,"668 Erb Street West, Unit B5, Waterloo, ON, N2T 2Z7",Open,75
Club Pilates Hudson,"118 W Streetsboro St, Room 25, Hudson, OH, 44236",Open,46
Club Pilates Solon,"34348 Aurora Rd, Unit 19, Solon, OH, 44139",Open,47
Club Pilates Willoughby South,"5872 Som Center Rd, Willoughby, OH, 44094",Open,77
Club Pilates Pinecrest,"311 Park Ave., Ste. 123, Orange, OH, 44122",Open,73
Club Pilates Fairlawn,"2725 W. Market Street, Suite 130, Fairlawn, OH, 44333",Open,54
Club Pilates Eastern NC,"703 Greenville Blvd. SE, Suite 105, Greenville, NC, 27858",Open,73
Club Pilates Roanoke,"1028 23rd St SW, Suite 302, Roanoke, VA, 24015",Open,59
Club Pilates Broadview Heights,"4223 East Royalton Rd., Broadview Heights, OH, 44147",Open,65
Club Pilates Wake Forest,"1898 South Franklin Street, Suite 104, Wake Forest, NC, 27587",Open,65
Club Pilates Fairview Park,"3071 Westgate Mall, Fairview Park, OH, 44126",Open,56
Club Pilates North Raleigh,"9414 Falls Of Neuse Rd., Raleigh, NC, 27615",Open,67
Club Pilates West Bay Plaza,"30032 Detroit Rd., Westlake, OH, 44145",Open,63
Club Pilates West Raleigh,"9650 Leesville Road, Suite 150, Raleigh, NC, 27613",Open,63
Club Pilates Midtown Raleigh,"2920 Sherman Oak Place, Suite 130, Raleigh, NC, 27609",Open,66
Club Pilates Downtown Raleigh,"11 W Franklin St, Suite B235, Raleligh, NC, 27604",coming soon,N/A
Club Pilates Durham,"1125 NC 54, Suite 404, Durham, NC, 27707",Open,57
Club Pilates Cary,"201 Fenton Gateway Dr, Suite 120, Cary, NC, 27511",Open,53
Club Pilates Chapel Hill,"1800 E. Franklin St., #9, Chapel Hill, NC, 27514",Open,70
Club Pilates West Cary,"1104 Parkside Main St., Cary, NC, 27519",Open,56
Club Pilates Apex,"1451 Richardson Road, Suite B-140, Apex, NC, 27523",coming soon,N/A
Club Pilates Holly Springs,"317 Matthews Drive, Holly Springs, NC, 27540",Open,62
Club Pilates South Chapel Hill,"143 Chatham Downs Dr, Ste 304, Chapel Hill, NC, 27517",coming soon,N/A
Club Pilates Greensboro,"3349 Battleground Ave., Greensboro, NC, 27410",Open,70
Club Pilates High Point,"1589 Skeet Club Rd, Suite 151, High Point, NC, 27265",Open,58
Club Pilates Pickerington,"10710 Blacklick Eastern Road, Suite 200, Pickerington, OH, 43147",Open,47
Club Pilates Winston- Salem,"371 Lower Mall Dr., Winston-Salem, NC, 27103",Open,51
Club Pilates New Albany,"5780 N. Hamilton Rd., Unit G, Columbus, OH, 43230",Open,73
Club Pilates Tecumseh,"500 Manning Road, Tecumseh, ON, N8N5H3",Open,66
Club Pilates Polaris,"8924 Lyra Dr, Columbus, OH, 43240",Open,46
Club Pilates Grosse Pointe,"21312 Mack Avenue, Grosse Pointe Woods, MI, 48236",Open,60
Club Pilates Worthington,"71 W. Wilson Bridge Rd., Ste. 150, Worthington, OH, 43085",Open,70
Club Pilates Fayetteville,"2713 Freedom Parkway Dr., Suite 2, Fayetteville, NC, 28314",Open,60
Club Pilates LaSalle,"2055 Sandwich Parkway, LaSalle, ON, N9H2S4",coming soon,N/A
Club Pilates Grandview Yard,"1080 Yard St., Grandview Heights, OH, 43212",Open,71
Club Pilates Powell,"4024 Powell Rd., Powell, OH, 43065",Open,71
Club Pilates Shelby Township,"46841 Hayes Rd, Shelby Township, MI, 48315",Open,67
Club Pilates Hilliard,"3750 Fishinger Blvd, Hilliard, OH, 43026",Open,67
Club Pilates Pinehurst,"9735 US 15-501, Suite E, Pinehurst, NC, 28374",Open,55
Club Pilates NW Dublin,"7404 SR 161, Plain City, OH, 43064",Open,72
Club Pilates Troy,"67 E. Long Lake Rd., Troy, MI, 48085",Open,62
Club Pilates Rochester Hills,"131 S Livernois Rd, Rochester Hills, MI, 48307",Open,70
Club Pilates Porters Neck,"7964 Market Street, Suite 310, Wilmington, NC, 28441",coming soon,N/A
Club Pilates Beverly Hills,"31255 Southfield Road, Beverly Hills, MI, 48025",Open,77
Club Pilates Dearborn Heights,"26460 Ford Rd, Dearborn Heights, MI, 48127",Open,77
Club Pilates Wilmington,"1121-F Military Cutoff Rd., Wilmington, NC, 28405",Open,65
Club Pilates West Bloomfield,"4297 Orchard Lake Rd., West Bloomfield, MI, 48323",Open,64
Club Pilates Leland,"2028 Olde Regent Way, Suite 140, Leland, NC, 28451",Open,61
Club Pilates Wilmington South,"1407 Barclay Pointe Blvd, Ste. 403, Wilmington, NC, 28412",Open,69
Club Pilates Canton,"5846-B North Sheldon Rd, Canton, MI, 48187",Open,60
Club Pilates Perrysburg,"26597 N. Dixie Highway, Suite 167, Perrysburg, OH, 43551",Open,49
Club Pilates Clarkston,"7075 Dixie Hwy, Clarkston, MI, 48346",Open,67
Club Pilates Novi,"47484 Grand River Ave, Novi, MI, 48374",Open,78
Club Pilates Washtenaw,"3370 Washtenaw Ave., Ann Arbor, MI, 48104",Open,53
Club Pilates Mooresville,"146 Mooresville Commons Way, Unit 25, Mooresville, NC, 28117",Open,65
Club Pilates Ann Arbor,"2139 West Stadium Blvd, Ann Arbor, MI, 48103",Open,59
Club Pilates Grand Blanc,"12793 S Saginaw St, Suite 115, Grand Blanc, MI, 48439",coming soon,N/A
Club Pilates Brighton,"8023 W. Grand River Rd, Suite 200, Brighton, MI, 48114",coming soon,N/A
Club Pilates Harrisburg,"7298 Caldwell Rd,, Suite B, Harrisburg, NC, 28075",coming soon,N/A
Club Pilates Highland Creek,"10012 Benfield Rd, #303 and 304, Charlotte, NC, 28269",Open,75
Club Pilates Huntersville,"9525 Birkdale Crossing Dr., Ste. 102, Huntersville, NC, 28078",Open,71
Club Pilates Plaza Midwood,"1401 Central Avenue, Ste 1210, Charlotte, NC, 28205",coming soon,N/A
Club Pilates Matthews,"2211 Matthews Township Pkwy, Unit E, Matthews, NC, 28105",Open,53
Club Pilates Dilworth,"1247 East Blvd, #250, Charlotte, NC, 28203",Open,63
Club Pilates Indian Trail,"5140 Old Charlotte Hwy Ste F, Monroe, NC, 28110",Open,56
Club Pilates Beavercreek,"2451 Lakeview Drive, Suite 104, Beavercreek, OH, 45431",Open,59
Club Pilates Strawberry Hill,"4914 Old Sardis Road, Suite C2, Charlotte, NC, 28211",Open,54
Club Pilates South Providence,"10822 Providence Rd., #800, Charlotte, NC, 28277",Open,49
Club Pilates North Myrtle Beach,"1224 Highway 17N, North Myrtle Beach, SC, 29582",Open,57
Club Pilates Cross Pointe,"175 E. Alexandersville-Bellbrook Road, Suite #202, Dayton, OH, 45459",Open,62
Club Pilates Waxhaw,"8163 Kensington Drive, Suite A, Waxhaw, NC, 28173",Open,69
Club Pilates Austin Landing,"3649 Rigby Rd, Dayton, OH, 45342",Open,50
Club Pilates Fort Mill,"2373 Len Patterson Rd., Ste. 102, Fort Mill, SC, 29708",Open,74
Club Pilates Florence,"2001 Hoffmeyer Rd, Suite B, Florence, SC, 29501",Open,58
Club Pilates Rock Hill,"410 Herlong Ave, Ste 103, Rock Hill, SC, 29732",coming soon,N/A
Club Pilates Symmes Township,"12088 Montgomery Road, Cincinnati, OH, 45249",Open,62
Club Pilates West Chester,"7554 Voice of America Center Drive, West Chester Township, OH, 45069",Open,55
Club Pilates Kenwood,"7827 Kenwood Road, Cincinnati, OH, 45236",Open,63
Club Pilates Anderson,"7502 Beechmont Avenue, Cincinnati, OH, 45255",Open,55
Club Pilates Midland,"6213 Jefferson Ave, Midland, MI, 48640",Open,63
Club Pilates Bridgewater Falls,"3373 Princeton Rd, Ste F-100, Fairfield, OH, 45011",coming soon,N/A
Club Pilates Hyde Park OH,"2692 Madison Rd, Cincinnati, OH, 45208",Open,53
Club Pilates Fort Wright,"3420 Valley Plaza Parkway, Suite K, Ft. Wright, KY, 41017",Open,76
Club Pilates Asheville,"80 Charlotte Street, Suite 20, Asheville, NC, 28801",Open,63
Club Pilates Spartanburg,"1855 East Main Street, #20, Spartanburg, SC, 29307",Open,61
Club Pilates Fort Wayne,"6382 W Jefferson Blvd, Suite B09A, Fort Wayne, IN, 46804",coming soon,N/A
Club Pilates Patchen Square,"2860 Richmond Rd., Suite 185, Lexington, KY, 40509",Open,57
Club Pilates Biltmore Park,"28 Schenck Pkwy., #155, Asheville, NC, 28803",Open,49
Club Pilates Malabu Lexington,"148 Malabu Drive, Suite 170, Lexington, KY, 40503",Open,68
Club Pilates Forest Acres,"4605 Forest Dr., Suite 4, Forest Acres, SC, 29206",Open,64
Club Pilates Lake Murray,"1320 Dutch Fork Road, Suite A, Irmo, SC, 29063",Open,63
Club Pilates Five Forks,"1939 Woodruff Rd., Greenville, SC, 29607",Open,56
Club Pilates Lexington,"5230 Sunset Blvd, Ste. C, Lexington, SC, 29072",Open,64
Club Pilates Simpsonville,"108 E. Curtis St, Simpsonville, SC, 29681",coming soon,N/A
Club Pilates Greenville,"2107-A Augusta St., Greenville, SC, 29605",Open,64
Club Pilates Knapp's Crossing,"2066 East Beltline Ave NE, Grand Rapids, MI, 49546",Open,53
Club Pilates Breton Village,"1886 Breton Rd SE, Grand Rapids, MI, 49506",Open,55
Club Pilates Bearden,"122 N Forest Park Blvd, Knoxville, TN, 37919",Open,54
Club Pilates Mt Pleasant,"1701 Shoremeade Rd., Suite 630, Mt Pleasant, SC, 29464",Open,67
Club Pilates Fishers,"11722 Allisonville Rd., Suite 102, Fishers, IN, 46038",Open,57
Club Pilates Summerville,"9512 Dorchester Rd., Ste. 150, Summerville, SC, 29485",Open,54
Club Pilates Middletown Station,"12951 Shelbyville Rd., #103, Louisville, KY, 40243",Open,58
Club Pilates Springhurst,"9424 Brownsboro Road, Louisville, KY, 40241",Open,33
Club Pilates Carmel,"2482 East 146th Street, Carmel, IN, 46033",Open,52
Club Pilates North Indy,"2727 East 86th St., Ste. 145, Indianapolis, IN, 46240",Open,41
Club Pilates James Island,"1739 Maybank Hwy., Ste. L, Charleston, SC, 29412",Open,63
Club Pilates Turkey Creek,"10901 Parkside Dr., Suite 103, Knoxville, TN, 37934",Open,59
Club Pilates St. Matthews,"4600 Shelbyville Rd., #116, Louisville, KY, 40207",Open,63
Club Pilates West Ashley,"3642 Savannah Hwy, Suite 152, Johns Island, SC, 29455",Open,64
Club Pilates Downtown Indy,"530 Massachusetts Ave, Suite 160, Indianapolis, IN, 46204",Open,42
Club Pilates Greenwood,"1675 West Smith Valley Rd., Ste. D4A, Greenwood, IN, 46142",Open,57
Club Pilates Zionsville,"10895 N Michigan Road, Zionsville, IN, 46077",Open,61
Club Pilates Traverse City,"1545 S. Division, Suite 119, Traverse City, MI, 49684",Open,43
Club Pilates Avon Crossing,"10439 U.S. Route 36, Avon, IN, 46123",Open,56
Club Pilates Aiken,"161 S Aiken Ln, Ste 410, Aiken, SC, 29803",Open,56
Club Pilates Evans,"621 Mullins Colony Dr., Evans, GA, 30809",Open,76
Club Pilates Augusta,"210 Robert C Daniel Jr Parkway, Ste C, Augusta, GA, 30909",Open,59
Club Pilates Bloomington,"121 N. Pete Ellis Dr, Bloomington, IN, 47401",coming soon,N/A
Club Pilates Hilton Head Island,"45 Pembroke Drive, Ste 135, Hilton Head Island, SC, 29926",Open,57
Club Pilates Athens,"290 Alps Road, Athens, GA, 30606",Open,71
Club Pilates Bluffton,"80 Baylor Drive, Suite 114, Bluffton, SC, 29910",coming soon,N/A
Club Pilates South Loop,"710 S. Clark, Chicago, IL, 60605",Open,71
Club Pilates River North,"165 W Superior Street, Suite 2, Chicago, IL, 60654",Open,70
Club Pilates West Loop,"907 W Madison St, Chicago, IL, 60607",Open,72
Club Pilates Lincoln Park,"2047 N. Clybourn Ave., Chicago, IL, 60614",Open,74
Club Pilates Wicker Park,"1348 N Milwaukee Avenue, Chicago, IL, 60622",Open,71
Club Pilates Ravenswood,"1900 W. Lawrence, Chicago, IL, 60640",coming soon,N/A
Club Pilates North Center,"4023 N. Lincoln Ave., Chicago, IL, 60618",Open,76
Club Pilates Evanston,"745 Chicago Avenue, Evanston, IL, 60202",Open,78
Club Pilates Sugar Hill,"1270 Hillcrest Drive, Sugar Hill, GA, 30518",coming soon,N/A
Club Pilates Buford,"2815 Buford Drive, Buford, GA, 30519",Open,59
Club Pilates South Bowling Green,"5833 Scottsville Rd, Suite 201, Bowling Green, KY, 42104",Open,60
Club Pilates Edgebrook,"5629 W Touhy, Niles, IL, 60714",Open,70
Club Pilates Cumming,"5740 Steeplechase Blvd, Suite 104, Cumming, GA, 30040",Open,68
Club Pilates Oak Park,"704 Lake St., Oak Park, IL, 60301",Open,74
Club Pilates Glenview,"1442 Waukegan Rd., Glenview, IL, 60025",Open,72
Club Pilates Park Ridge,"70 N. Northwest Hwy, Park Ridge, IL, 60068",Open,72
Club Pilates Deerfield,"47 Waukegan Road, Deerfield, IL, 60015",Open,68
Club Pilates Northbrook,"2829 Pfingsten Road, Glenview, IL, 60026",Open,64
Club Pilates East Lake Forest,"722 N Bank Ln, Lake Forest, IL, 60045",Open,67
Club Pilates La Grange,"18 W. Burlington Ave., First Floor West, La Grange, IL, 60525",Open,83
Club Pilates Snellville,"1350 Scenic Hwy, Suite 620, Snellville, GA, 30078",Open,70
Club Pilates Hamilton Place,"1925 Gunbarrel Road, Suite 123, Chattanooga, TN, 37421",Open,61
Club Pilates Avalon,"7160 Avalon Way, Alpharetta, GA, 30009",Open,67
Club Pilates Canton Marketplace,"1810 Cumming Hwy, Suite 1140, Canton, GA, 30115",Open,73
Club Pilates Mount Prospect,"1107 N. Elmhurst Rd., Mount Prospect, IL, 60056",Open,76
Club Pilates Westmont,"810 E. Ogden Ave., Westmont, IL, 60559",Open,66
Club Pilates Elmhurst,"538 W. St. Charles Rd., Elmhurst, IL, 60126",Open,65
Club Pilates Libertyville,"1614 S. Milwaukee Ave., Libertyville, IL, 60048",Open,72
Club Pilates Peachtree Corners,"4880 Peachtree Corners Circle, Ste 1130, Peachtree Corners, GA, 30092",Open,70
Club Pilates North Buffalo Grove,"388 Half Day Rd, Buffalo Grove, IL, 60089",Open,64
Club Pilates Alpharetta,"3005 Old Alabama Road, Suite 150, Alpharetta, GA, 30022",Open,66
Club Pilates North Shore,"307 Manufacturer's Rd, Suite 203-B, Chattanooga, TN, 37405",Open,63
Club Pilates Gurnee,"6951 W Grand Ave, Gurnee, IL, 60031",Open,77
Club Pilates Woodridge,"1001 75th Street, #113A, Woodridge, IL, 60517",Open,72
Club Pilates Third Ward,"340 N. Milwaukee Street, Milwaukee, WI, 53202",Open,31
Club Pilates Palatine,"784 E. Dundee Rd, Palatine, IL, 60074",Open,51
Club Pilates Roswell,"1125 Woodstock Road, Suite 370, Roswell, GA, 30075",Open,66
Club Pilates Glen Ellyn,"277 Roosevelt Rd., Glen Ellyn, IL, 60137",Open,69
Club Pilates Schaumburg,"160 South Roselle Rd, Ste. B, Schaumburg, IL, 60193",Open,78
Club Pilates Wheaton,"27 Danada Square E, Wheaton, IL, 60189",coming soon,N/A
Club Pilates Dunwoody,"5552-B Chamblee Dunwoody Rd, Dunwoody, GA, 30338",Open,82
Club Pilates North Naperville,"1307 S. Naper Blvd, Naperville, IL, 60540",Open,75
Club Pilates Bloomingdale,"383 W. Army Trail Road, Suite 800, Bloomingdale, IL, 60108",Open,67
Club Pilates Bolingbrook,"1250 W Boughton Rd, Bolingbrook, IL, 60440",coming soon,N/A
Club Pilates Wauwatosa,"6929 W. North Ave., Wauwatosa, WI, 53213",Open,32
Club Pilates Woodstock,"1428 Towne Lake Pkwy., Ste. 104, Woodstock, GA, 30189",Open,75
Club Pilates East Cobb,"2960 Shallowford Rd., Suite 200, Marietta, GA, 30066",Open,76
Club Pilates Brookhaven,"5001 Peachtree Blvd., Ste. 630, Chamblee, GA, 30341",Open,69
Club Pilates Mequon,"6300 W. Mequon Rd., Mequon, WI, 53092",Open,55
Club Pilates Merchants Walk,"1311 Johnson Ferry Road, Ste #532, Marietta, GA, 30068",Open,78
Club Pilates Barrington,"500 North Hough St, Suite 145, Barrington, IL, 60010",Open,67
Club Pilates Sandy Springs,"5968 Roswell Road, Sandy Springs, GA, 30328",Open,62
Club Pilates Arboretum,"100 W Higgins Rd, Suite E-1, South Barrington, IL, 60010",Open,57
Club Pilates Plainfield,"13511 Illinois Rte 59, Suite 111, Plainfield, IL, 60544",Open,60
Club Pilates Decatur,"1605 Church St, Suite 660, Decatur, GA, 30033",Open,40
Club Pilates South Naperville,"2695 Forgue Dr., #109, Naperville, IL, 60564",Open,69
Club Pilates Toco Hills,"2943 N. Druid Hills Rd. NE, #460, Atlanta, GA, 30329",Open,52
Club Pilates Marietta South (LA Fitness),"1453 Terrell Mill Rd, Suite 145, Marietta, GA, 30067",Open,35
Club Pilates Brookfield,"17301 W Capitol Drive, Brookfield, WI, 53045",Open,62
Club Pilates Buckhead,"2391 Peachtree Rd. NE, Suite B3Ab, Atlanta, GA, 30305",Open,60
Club Pilates Evansville,"111 S. Green River Rd., Suite I, Evansville, IN, 47715",Open,68
Club Pilates Indian Lake,"217 Indian Lake Blvd., Ste. 1002, Hendersonville, TN, 37075",Open,55
Club Pilates Acworth,"3450 Cobb Parkway, Suite 2-250, Acworth, GA, 30101",Open,37
Club Pilates St. Charles,"142 S 1st St, St. Charles, IL, 60174",Open,63
Club Pilates Algonquin,"2517 N. County Line Rd., Algonquin, IL, 60102",Open,55
Club Pilates Murfreesboro,"3266 Memorial Blvd, Suite D, Murfreesboro, TN, 37129",Open,66
Club Pilates West Cobb,"3805 Dallas Highway, Unit 810, Marietta, GA, 30064",Open,78
Club Pilates Pewaukee,"1921 Silvernail Rd, Unit D, Pewaukee, WI, 53072",Open,38
Club Pilates McDonough West,"2400 Jonesboro Rd, Suite A3, McDonough, GA, 30228",coming soon,N/A
Club Pilates Green Bay East,"2298 Costco Way, Ste 120, Bellevue, WI, 54311",coming soon,N/A
Club Pilates West Murfreesboro,"5525 Franklin Rd, Suite D, Murfreesboro, TN, 37128",Open,66
Club Pilates North Gulch,"402 11th Avenue North, Nashville, TN, 37203",Open,76
Club Pilates Belle Meade,"4326 Harding Pike, Ste. 105, Nashville, TN, 37205",Open,61
Club Pilates Maryland Farms,"101 Creekside Crossing, Suite 600, Brentwood, TN, 37027",Open,66
Club Pilates Cool Springs,"4031 Aspen Grove Drive, Suite 120, Franklin, TN, 37067",Open,66
Club Pilates Bellevue Place,"8133 Sawyer Brown Rd, Suite 602, Nashville, TN, 37221",coming soon,N/A
Club Pilates Peachtree City,"408 Crosstown Drive, Peachtree City, GA, 30269",Open,70
Club Pilates Berry Farms,"6001 Hughes Crossing, Ste. 110, Franklin, TN, 37064",Open,65
Club Pilates Clarksville,"2276 Trenton Road, Suite B, Clarksville, TN, 37040",coming soon,N/A
Club Pilates Newnan,"332 Newnan Crossing Bypass, Newnan, GA, 30265",coming soon,N/A
Club Pilates Chandan Place,"3065 N. Perryville Rd., Ste. 121, Rockford, IL, 61114",Open,50
Club Pilates Sun Prairie,"390 S Grand Ave., Unit 106, Sun Prairie, WI, 53590",Open,55
Club Pilates Jones Valley,"2724 Carl T Jones Drive SE, Ste 805, Huntsville, AL, 35802",coming soon,N/A
Club Pilates West Huntsville,"7564 Hwy 72 West, Suite B, Madison, AL, 35758",Open,65
Club Pilates Monroe Street,"2623 Monroe St, Suite 130, Madison, WI, 53711",Open,58
Club Pilates Madison West,"566 Junction Road, Madison, WI, 53717",Open,52
Club Pilates Neptune Beach,"564 Atlantic Blvd, Ste 564, Neptune Beach, FL, 32266",coming soon,N/A
Club Pilates Jax Beach,"14035 Beach Blvd., Ste. 105, Jacksonville, FL, 32224",Open,64
Club Pilates Highside Market,"211 13th Street, Suite 202, Columbus, GA, 31901",Open,66
Club Pilates Ponte Vedra,"330 A1A North, Suite 215, Ponte Vedra Beach, FL, 32082",Open,53
Club Pilates Downtown Jacksonville,"150 Riverside Ave., #307, Jacksonville, FL, 32202",Open,66
Club Pilates Auburn,"2311 Bent Creek Rd., Ste 600, Auburn, AL, 36830",Open,69
Club Pilates Mandarin,"11112 San Jose Blvd, #6, Jacksonville, FL, 32223",Open,57
Club Pilates Durbin Park,"450 Durbin Pavilion Drive, Ste 103, St. Johns, FL, 32259",Open,70
Club Pilates Fleming Island,"1524 County Rd., 220 #7, Fleming Island, FL, 32003",Open,75
Club Pilates St. Augustine,"220 State Road 312, Saint Augustine, FL, 32086",Open,66
Club Pilates Bettendorf,"3378 Middle Road, Bettendorf, IA, 52722",coming soon,N/A
Club Pilates Cahaba Heights,"3159 Green Valley Rd, Birmingham, AL, 35243",Open,65
Club Pilates Homewood,"1920 28th Avenue South, Homewood, AL, 35209",Open,52
Club Pilates Riverchase,"1839 Montgomery Hwy, Ste. D, Hoover, AL, 35244",Open,54
Club Pilates Brentwood STL,"2535 S Brentwood Blvd, St. Louis, MO, 63144",Open,66
Club Pilates Crestwood,"9547 Watson Rd, Suite C4, Crestwood, MO, 63126",Open,52
Club Pilates Creve Coeur,"702 N. New Ballas Rd., Creve Coeur, MO, 63141",Open,49
Club Pilates Lindenwood,"1970 First Capital Dr, Ste 1970, St. Charles, MO, 63301",coming soon,N/A
Club Pilates Ormond Beach,"175 S. Nova Rd, Ormond Beach, FL, 32174",coming soon,N/A
Club Pilates East Montgomery,"8143 Vaughn Rd., Montgomery, AL, 36116",Open,49
Club Pilates Chesterfield,"122 Hilltown Village Center, Chesterfield, MO, 63017",Open,49
Club Pilates Port Orange,"3817 South Nova Rd, Suite 102, Port Orange, FL, 32127",Open,70
Club Pilates Lake St. Louis,"6408 Ronald Reagan Drive, Lake Saint Louis, MO, 63368",Open,55
Club Pilates Gainesville,"2625 SW 91st Street, Gainesville, FL, 32608",Open,75
Club Pilates Wentzville,"1894 Wentzville Pkwy., Wentzville, MO, 63385",Open,67
Club Pilates Tuscaloosa,"1800 McFarland Blvd E, Suite 424, Tuscaloosa, AL, 35404",coming soon,N/A
Club Pilates North Tallahassee,"3491 Thomasville Rd E, Tallahassee, FL, 32309",Open,76
Club Pilates Southwood,"2176 Capital Circle SE, Suite 302, Tallahassee, FL, 32301",coming soon,N/A
Club Pilates Coralville,"3254 Crosspark Rd, Unit 103, Coralville, IA, 52241",Open,65
Club Pilates Cedar Rapids,"5300 Fountains Dr NE, Suite 100, Cedar Rapids, IA, 52411",Open,64
Club Pilates Ocala,"303 SE 17th Street, Suite 106, Ocala, FL, 34471",coming soon,N/A
Club Pilates Lake Mary,"4247 W Lake Mary Blvd, Lake Mary, FL, 32746",Open,63
Club Pilates Oviedo,"1351 Alafaya Trail, Suite 1009, Oviedo, FL, 32765",Open,81
Club Pilates Southern Trace,"3509 Wedgewood Lane, Suite 102, The Villages, FL, 32162",coming soon,N/A
Club Pilates Altamonte Springs,"380 S State Rd 434, #1002, Altamonte Springs, FL, 32714",Open,61
Club Pilates Waterford Lakes,"504 N Alafaya Tr., Suite 108, Orlando, FL, 32828",Open,76
Club Pilates The Villages,"5814 Seven Mile Drive, Suite 102, Wildwood, FL, 34785",Open,70
Club Pilates Memphis-Lakeland,"9915 Hwy 64, Suite 106, Memphis, TN, 38002",Open,73
Club Pilates Winter Park,"1222 N Orange Ave., Ste. B, Winter Park, FL, 32789",Open,78
Club Pilates Collierville,"3660 S. Houston Levee Rd., #108, Collierville, TN, 38017",Open,79
Club Pilates SODO,"3123 S Orange Ave, Ste 103, Orlando, FL, 32806",Open,76
Club Pilates Viera,"2221 Town Center Avenue, Suite 129, Melbourne, FL, 32940",Open,64
Club Pilates East Memphis,"6300 Poplar Ave., Ste. 103, Memphis, TN, 38119",Open,84
Club Pilates Space Coast,"3600 N Wickham Road, Suite 106, Melbourne, FL, 32935",Open,67
Club Pilates Winter Garden,"13848 Tilden Rd., Ste. 130, Winter Garden, FL, 34787",Open,90
Club Pilates Lake Nona,"7004 Tavistock Lakes Blvd, Suite 144, Orlando, FL, 32827",Open,72
Club Pilates Dr. Phillips,"7600 Dr. Philips Blvd, Ste. 86, Orlando, FL, 32819",Open,66
Club Pilates Clermont,"2612 S Hwy 27, Suite 500, Clermont, FL, 34711",Open,72
Club Pilates Midtown Memphis,"1610 Union Ave, Memphis, TN, 38104",Closed,N/A
Club Pilates Hunters Creek,"3916 Town Center Blvd, Suite 103C, Orlando, FL, 32837",Open,75
Club Pilates St. Cloud,"4407 13th Street, Suite 2B, St. Cloud, FL, 34769",Open,70
Club Pilates Celebration,"1617 Future Way, Celebration, FL, 34747",Open,1
Club Pilates Rochester North,"2575 Commerce Drive NW, Suite 105, Rochester, MN, 55901",coming soon,N/A
Club Pilates Vero Beach,"911 14th Lane, Unit 4, Vero Beach, FL, 32960",coming soon,N/A
Club Pilates Wiregrass,"28249 Paseo Dr., #190, Wesley Chapel, FL, 33543",Open,83
Club Pilates Lakeland,"4747 S. Florida Avenue, Lakeland, FL, 33813",Open,76
Club Pilates Trinity,"12454 State Rd. 54, Odessa, FL, 33556",Open,69
Club Pilates New Tampa,"15341 Amberly Drive, Tampa, FL, 33647",Open,76
Club Pilates Port St. Lucie,"1707 St Lucie West Blvd., #166, Port St Lucie, FL, 34986",Open,84
Club Pilates Destin,"4433 Commons Drive East, Suite 106, Destin, FL, 32541",Open,76
Club Pilates Carrollwood,"13254 N. Dale Mabry Hwy, Tampa, FL, 33618",Open,75
Club Pilates Woodbury,"9000 Hudson Rd., #602, Woodbury, MN, 55125",Open,48
Club Pilates Jensen Beach,"1507 NW Federal HWY, Stuart, FL, 34994",Open,88
Club Pilates Tarpon Springs,"40956 US Hwy 19 N, Tarpon Springs, FL, 34689",coming soon,N/A
Club Pilates Valrico,"3438 Lithia Pinecrest Rd., Valrico, FL, 33596",Open,73
Club Pilates Westchase,"12125 W. Linebaugh Ave., Suite 202, Tampa, FL, 33626",Open,76
Club Pilates White Bear Lake,"4713 N. Hwy 61, White Bear Lake, MN, 55110",Open,37
Club Pilates South Tampa,"940 S. Howard Ave., Tampa, FL, 33606",Open,70
Club Pilates Lakeville,"16106 Pilot Knob Rd, Ste 130, Lakeville, MN, 55044",Open,60
Club Pilates Countryside,"25973 US Hwy. 19 N, Ste. A-102, Clearwater, FL, 33763",Open,76
Club Pilates Eagan,"3450 Pilot Knob Road, Suite 106, Eagan, MN, 55122",Open,31
Club Pilates Arden Hills,"3845 Lexington Ave N, Ste 111, Arden Hills, MN, 55126",Open,45
Club Pilates Highland Park West,"757 Cleveland Avenue South, Saint Paul, MN, 55116",Open,47
Club Pilates Blaine,"10945 Club West Parkway NE, Suite 150, Blaine, MN, 55449",Open,56
Club Pilates Largo,"10125 Ulmerton Road, Suite 3, Largo, FL, 33771",Open,74
Club Pilates North St. Pete,"347 62nd Ave N, Saint Petersburg, FL, 33702",coming soon,N/A
Club Pilates Abacoa,"1203 Town Center Drive, Unit 107, Jupiter, FL, 33458",Open,75
Club Pilates Minneapolis Lakes,"3200B W. Lake Street, Minneapolis, MN, 55416",Open,65
Club Pilates Edina,"3940 West 50th Street, Suite 110, Edina, MN, 55424",Open,64
Club Pilates Savage,"14010 Highway 13 South, Savage, MN, 55378",Open,61
Club Pilates Ankeny,"1615 SW Main, Suite 107, Ankeny, IA, 50023",Open,65
Club Pilates St. Petersburg,"120 Central Ave, Saint Petersburg, FL, 33701",Open,70
Club Pilates Eden Prairie,"574 Prairie Center Drive, Suite 155, Eden Prairie, MN, 55344",Open,66
Club Pilates Palm Beach Gardens,"3335 Northlake Blvd, Palm Beach Gardens, FL, 33403",coming soon,N/A
Club Pilates Pensacola,"7175 North Davis Highway, Suite C, Pensacola, FL, 32504",Open,55
Club Pilates St. Pete Beach,"6800 Gulfport Blvd S,, Suite #219, South Pasadena, FL, 33707",Open,72
Club Pilates Arbor Lakes,"11658 Fountains Drive, Maple Grove, MN, 55369",Open,47
Club Pilates Plymouth,"4000 Annapolis Lane, Suite 105, Plymouth, MN, 55447",Open,43
Club Pilates Minnetonka West,"17760 MN-7, Minnetonka, MN, 55345",Open,68
Club Pilates Urban Loop,"4820 100th Street, Suite 301, Urbandale, IA, 50322",coming soon,N/A
Club Pilates Jordan Creek,"140 S Jordan Creek Parkway, Suite 140, West Des Moines, IA, 50266",Open,62
Club Pilates West Palm Beach,"2604 S. Dixie Hwy, West Palm Beach, FL, 33401",Open,70
Club Pilates Parrish,"8950 US 301 N, Ste 129, Parrish, FL, 34219",coming soon,N/A
Club Pilates Wellington,"10660 Forest Hill Blvd., #140, Wellington, FL, 33414",Open,80
Club Pilates Braden River,"5408 Lockwood Ridge Rd., Bradenton, FL, 34203",Open,75
Club Pilates Lake Worth,"6300 Lantana Rd, Ste 29-30, Lake Worth, FL, 33463",Open,69
Club Pilates East Boynton,"970 N. Congress Avenue, Suite 110, Boynton Beach, FL, 33426",Open,59
Club Pilates Boynton Beach,"8855 Boynton Beach Blvd, Suite 320, Boynton Beach, FL, 33472",Open,57
Club Pilates Downtown Sarasota,"1413 - 1st Street, Suite #102A, Sarasota, FL, 34236",Open,77
Club Pilates Delray Beach,"640 Linton Blvd., Suite 340, Delray Beach, FL, 33444",Open,72
Club Pilates West Delray,"15084 Lyons Road, Suite 700, Delray Beach, FL, 33446",Open,71
Club Pilates South Sarasota,"8210 South Tamiami Trail, Sarasota, FL, 34238",Open,72
Club Pilates Point Clear,"18167 Wright Blvd, Fairhope, AL, 36532",coming soon,N/A
Club Pilates Mizner Blvd,"190 East Boca Raton Road, Boca Raton, FL, 33432",Open,70
Club Pilates Boca South,"7050 W. Palmetto Park Rd., #49/50, Boca Raton, FL, 33433",Open,79
Club Pilates Parkland,"9659 Westview Drive, Coral Springs, FL, 33076",Open,74
Club Pilates Coral Springs,"4388 N. State Rd. 7, Coral Springs, FL, 33073",Open,69
Club Pilates Pompano Beach,"1150 N Federal Hwy, Pompano Beach, FL, 33062",Open,79
Club Pilates Renaissance,"1000 Highland Colony Pkwy, Ste. 6005, Ridgeland, MS, 39157",Open,65
Club Pilates Springfield,"2144 E Republic Rd, Ste. E 103, Springfield, MO, 65807",Open,52
Club Pilates Ft. Lauderdale East,"3802 N. Federal Hwy., Fort Lauderdale, FL, 33308",Open,73
Club Pilates Sunrise,"9340 W. Commercial Blvd, Sunrise, FL, 33351",Open,65
Club Pilates Waite Park,"110 2nd Street, Ste 115, Waite Park, MN, 56387",coming soon,N/A
Club Pilates South Ft. Lauderdale,"1489 SE 17th St., Fort Lauderdale, FL, 33315",Open,76
Club Pilates Plantation,"10045 Cleary Blvd., Plantation, FL, 33324",Open,103
Club Pilates Plantation Midtown,"1017 South University Drive, Plantation, FL, 33324",coming soon,N/A
Club Pilates Hollywood Beach,"3309 Sheridan St, Hollywood, FL, 33021",Open,80
Club Pilates Cooper City,"5860 S Flamingo Road, Cooper City, FL, 33330",Open,87
Club Pilates Hallandale,"601 N Federal Hwy, Suite 203, Hallandale Beach, FL, 33009",Open,49
Club Pilates Ft. Myers Central,"6891 Daniels Parkway, Suite #145, Fort Myers, FL, 33912",Open,74
Club Pilates Cape Coral West,"2390 Surfside Blvd, Cape Coral, FL, 33991",Open,74
Club Pilates Ft. Myers West,"13211 McGregor Blvd, Unit 102-2, Fort Myers, FL, 33919",Open,82
Club Pilates Aventura,"19021 Biscayne Blvd., Aventura, FL, 33180",Open,72
Club Pilates Pembroke Pines,"14954 Pines Blvd., Pembroke Pines, FL, 33027",Open,97
Club Pilates Sunny Isles,"16850 Collins Ave., #113D, Sunny Isles Beach, FL, 33160",Open,62
Club Pilates Little Rock Midtowne,"207 North University Ave, Ste 180, Little Rock, AR, 72205",Open,41
Club Pilates Estero,"20321 Grande Oaks Shoppes Dr., Estero, FL, 33928",Open,77
Club Pilates Liberty,"10434 NE Cookingham Dr., Kansas City, MO, 64157",Open,61
Club Pilates West Little Rock,"16900 Chenal Parkway, Suite 160, Little Rock, AR, 72223",Open,49
Club Pilates Miami Shores,"9537 NE Second Ave, Miami Shores, FL, 33138",Open,56
Club Pilates Lees Summit,"940 NW Pryor Rd, Suite E, Lee’s Summit, MO, 64081",Open,70
Club Pilates Midtown Miami,"3401 North Miami Ave, #252, Miami, FL, 33127",coming soon,N/A
Club Pilates South Beach,"1800 Alton Rd, Miami Beach, FL, 33139",Closed,N/A
Club Pilates Doral Midtown,"7835 NW 107th Ave., #3, Doral, FL, 33178",Open,88
Club Pilates Downtown Doral,"5675 NW 87th Avenue, Unit 114, Doral, FL, 33166",coming soon,N/A
Club Pilates Brickell,"117 SW 10th Street, Suite 103, Miami, FL, 33130",Open,74
Club Pilates Country Club Plaza,"610 W 48th Street, Kansas City, MO, 64112",Open,61
Club Pilates North Naples,"7935 Airport-Pulling Rd, #12, Naples, FL, 34109",Open,81
Club Pilates Coral Gables,"77 Miracle Mile, Coral Gables, FL, 33134",Open,44
Club Pilates Parkville,"5914 NW 63rd Terrace, Kansas City, MO, 64151",Open,68
Club Pilates Miami-Bird (LA Fitness),"8310 Bird Rd, Miami, FL, 33155",Open,35
Club Pilates Prairie Village,"4059 W 83rd St, Prairie Village, KS, 66208",Open,75
Club Pilates South Miami,"5855 SW 72nd St., South Miami, FL, 33143",Open,69
Club Pilates West Kendall,"4258 SW 152nd Avenue, Miami, FL, 33185",Open,89
Club Pilates Sunset,"10021 SW 72nd Street,, Miami, FL, 33173",Open,63
Club Pilates South Overland Park,"6601 W. 119th Street, Overland Park, KS, 66209",Open,56
Club Pilates South Naples,"3827 Tamiami Trail East, Naples, FL, 34112",Open,72
Club Pilates Kendall,"11774 SW 104th St, Miami, FL, 33186",Open,86
Club Pilates West Overland Park,"11710 W. 135th St., Overland Park, KS, 66221",Open,79
Club Pilates Palmetto Bay,"15365 South Dixie Highway, Miami, FL, 33157",Open,75
Club Pilates Lenexa,"16131 W 87th St Pkwy, Lenexa, KS, 66219",Open,73
Club Pilates Cutler Bay,"20985 Old Cutler Road, Cutler Bay, FL, 33189",Open,73
Club Pilates Rogers,"4200 West Green Acres Road, Suite 303, Rogers, AR, 72758",Open,67
Club Pilates The Hill,"2901 East Zion Rd, Suite 3, Fayetteville, AR, 72703",Open,71
Club Pilates Bentonville,"2411 SW 14th St, Ste 7, Bentonville, AR, 72712",Open,60
Club Pilates Lawrence,"3300 Bob Billings Parkway, Ste B8, Lawrence, KS, 66049",coming soon,N/A
Club Pilates Springdale,"7260 Village Park Ave, Suite B, Springdale, AR, 72762",coming soon,N/A
Club Pilates Slidell,"1752 Lindberg Drive, Suite D, Slidell, LA, 70458",coming soon,N/A
Club Pilates Papillion,"310 E Gold Coast Rd, Suite 105, Papillion, NE, 68046",Open,61
Club Pilates Clocktower Village,"617 N. 98th St., Omaha, NE, 68114",Open,63
Club Pilates Mandeville,"2077 North Causeway Boulevard, Suite 1, Mandeville, LA, 70471",Open,50
Club Pilates West Omaha,"15805 West Maple Rd, Ste. 105, Omaha, NE, 68116",Open,75
Club Pilates Lakeside,"16909 Lakeside Hills Plaza, #115, Omaha, NE, 68130",Open,60
Club Pilates Mid City,"3700 Orleans Avenue, Suite 103A & B, New Orleans, LA, 70119",Open,43
Club Pilates Old Metairie,"2513 Metairie Rd., Metairie, LA, 70001",Open,59
Club Pilates Uptown,"6001 Magazine St, New Orleans, LA, 70118",Open,42
Club Pilates Sioux Falls,"5009 S. Western Ave., Ste. 220, Sioux Falls, SD, 57108",Open,25
Club Pilates Lincoln,"8222 Holdredge, Lincoln, NE, 68505",Open,64
Club Pilates Baton Rouge,"2561 Citiplace Ct., Suite 350, Baton Rouge, LA, 70808",Open,49
Club Pilates Fargo Uptown,"2701 Uptown Way, Suite #107, Fargo, ND, 58104",coming soon,N/A
Club Pilates Midtown Tulsa,"3230 E 21st Street, Tulsa, OK, 74114",Open,64
Club Pilates South Tulsa,"9136 S. Sheridan Rd., Ste. C, Tulsa, OK, 74133",Open,57
Club Pilates Shreveport,"1409 East 70th, Suite 115, Shreveport, LA, 71105",Open,71
Club Pilates Jenks Landing,"11476 S. Union Ave, Ste. 102, Jenks, OK, 74037",Open,59
Club Pilates South Lafayette,"500 Settlers Trace Boulevard, Building C, Suite 9, Lafayette, LA, 70508",Open,58
Club Pilates Bradley Fair,"1900 N Rock Rd, Suite 116, Wichita, KS, 67206",Open,45
Club Pilates Tuxedo,"2025 Corydon Ave, 180B, Winnipeg, MB, R3P 2G9",coming soon,N/A
Club Pilates South Lake Charles,"5675 Nelson Road, Suite A, Lake Charles, LA, 70605",coming soon,N/A
Club Pilates Tyler,"8926 S Broadway Ave, Suite 140, Tyler, TX, 75703",Open,61
Club Pilates Edmond,"15124 Lleytons Court, Suite 105, Edmond, OK, 73013",Open,74
Club Pilates Nichols Hills,"7550 N May Avenue, #100, Oklahoma City, OK, 73116",Open,63
Club Pilates Moore,"12301 South Western Ave, Suite B-5, Oklahoma City, OK, 73170",Open,55
Club Pilates Norman,"1352 N. Interstate Drive, Norman, OK, 73072",Open,71
Club Pilates Dalton Corners,"3301 N. Goliad St., Ste. 103, Rockwall, TX, 75087",Open,62
Club Pilates East McKinney,"1620 N. Hardin Blvd, Suite 1300, McKinney, TX, 75071",Open,74
Club Pilates Allen,"190 E Stacy Rd., Suite 1716, Allen, TX, 75002",Open,79
Club Pilates McKinney,"9245 Virginia Pkwy., Ste. #200, McKinney, TX, 75071",Open,70
Club Pilates Murphy,"226 E. FM 544, Suite 106, Murphy, TX, 75094",Open,73
Club Pilates Prosper,"1170 North Preston Rd, Suite 110, Prosper, TX, 75078",Open,66
Club Pilates Rowlett,"3316 Lakeview Pkwy, Rowlett, TX, 75088",Open,66
Club Pilates South McKinney,"7001 S. Custer Rd., McKinney, TX, 75070",Open,65
Club Pilates East Frisco,"12455 Eldorado Pkwy, Suite 250, Frisco, TX, 75035",coming soon,N/A
Club Pilates Shiloh Springs,"6850 N Shiloh Rd, Ste. H1, Garland, TX, 75044",Open,49
Club Pilates Richardson,"1417 E Renner Rd, Suite 330, Richardson, TX, 75082",Open,64
Club Pilates Legacy,"7000 Independence Pkwy, Suite 170, Plano, TX, 75025",coming soon,N/A
Club Pilates Windsong,"4740 West University Dr, Suite 120, Prosper, TX, 75078",Open,60
Club Pilates Frisco,"6959 Lebanon Rd., Suite 121, Frisco, TX, 75034",Open,72
Club Pilates North Frisco,"2440 Eldorado Parkway, Suite 230, Frisco, TX, 75033",Open,73
Club Pilates Plano,"4709 W Parker Rd, Suite 490, Plano, TX, 75093",Open,72
Club Pilates North Dallas,"18208 Preston Road, Suite D-8, Dallas, TX, 75252",Open,79
Club Pilates Lake Highlands,"9850 Walnut Hill Lane, Suite 435, Dallas, TX, 75238",Open,83
Club Pilates Cross Roads,"11650 Hwy 380, Ste 150, Cross Roads, TX, 76227",Open,53
Club Pilates Addison,"5290 Belt Line Road, Suite 123, Dallas, TX, 75254",Open,80
Club Pilates Lakewood,"6402 Gaston Ave, Dallas, TX, 75214",Open,70
Club Pilates Colony,"2425 FM 544, Suite 320, Lewisville, TX, 75056",Open,58
Club Pilates Preston Hollow,"4343 W. NW Highway, Suite 350, Dallas, TX, 75220",Open,79
Club Pilates Teasley Commons,"3220 Teasley Ln, Suite 104, Denton, TX, 76210",Open,59
Club Pilates Coppell,"106 N. Denton Tap Road, Suite 202, Coppell, TX, 75019",Open,78
Club Pilates Highland Village,"2540 Justin Rd., Ste. 177, Highland Village, TX, 75077",Open,76
Club Pilates Flower Mound,"1221 Flower Mound Rd., Ste. 320, Flower Mound, TX, 75028",Open,71
Club Pilates Las Colinas,"4000 N Macarthur Blvd., Ste. A122, Irving, TX, 75038",Open,76
Club Pilates Northlake,"1236 FM 407, Suite 200, Northlake, TX, 76247",Open,66
Club Pilates Southlake,"480 W Southlake Blvd, Ste 131, Southlake, TX, 76092",Open,69
Club Pilates Trophy Club,"2003 East Highway 114, Unit 390, Trophy Club, TX, 76262",Open,57
Club Pilates Colleyville,"4701 Colleyville Blvd., #430, Colleyville, TX, 76034",Open,79
Club Pilates Parkway Central,"821 East Lamar Blvd, Arlington, TX, 76011",Open,47
Club Pilates Keller,"242 Rufe Snow Drive, Suite 160, Keller, TX, 76248",Open,64
Club Pilates Victory Shops,"4124 S Cooper Street, Arlington, TX, 76015",Open,51
Club Pilates Midlothian South,"320 Harvest Hill Drive, Suite 240, Midlothian, TX, 76065",Open,66
Club Pilates Mansfield,"3300 E. Broad St., #140, Mansfield, TX, 76063",Open,70
Club Pilates Bismarck,"4228 Boulder Ridge Road, Suite 3, Bismarck, ND, 58503",Open,55
Club Pilates North Fort Worth,"2317 N Tarrant Pkwy., Ste. 423, Fort Worth, TX, 76177",Open,64
Club Pilates Fort Worth,"2300 West 7th Street, #116, Fort Worth, TX, 76107",Open,51
Club Pilates Kingwood,"730 Kingwood Drive, Kingwood, TX, 77339",Open,35
Club Pilates Atascocita,"16430 W. Lake Houston Pkwy, Ste. 300, Houston, TX, 77044",Open,44
Club Pilates Grand Oaks,"3917 Woodson's Reserve Pkwy, Suite 400, Spring, TX, 77386",Open,67
Club Pilates Waterside Fort Worth,"5924 Convair Drive, Suite 448, Fort Worth, TX, 76109",Open,77
Club Pilates Woodforest,"910 Pine Market Ave., Suite 5-100, Montgomery, TX, 77316",Open,41
Club Pilates Alden Bridge,"8000 Research Forest Drive, Unit # 11, The Woodlands, TX, 77382",Open,58
Club Pilates Chisholm Trail,"9600 Red Dirt Road, Fort Worth, TX, 76123",Open,74
Club Pilates The Woodlands,"26400 Kuykendahl Road, Suite A280, The Woodlands, TX, 77389",Open,68
Club Pilates League City,"2875 E. League City Pkwy., League City, TX, 77573",Open,53
Club Pilates Clear Lake,"2323 Clear Lake City Blvd., Ste. 183, Houston, TX, 77062",Open,66
Club Pilates Klein,"7316 Louetta Road, #B302, Spring, TX, 77379",Open,71
Club Pilates The Heights,"2401 North Shepherd Dr., Suite #120, Houston, TX, 77008",Open,50
Club Pilates Weatherford,"900 Cinema Dr, Weatherford, TX, 76087",Open,1
Club Pilates Friendswood,"1765 S Friendswood Dr, Ste 103, Friendswood, TX, 77546",Open,64
Club Pilates Rice Military,"5535 Memorial Dr., Suite J, Houston, TX, 77007",Open,39
Club Pilates East Pearland,"2630 Pearland Pkwy, Ste 110, Pearland, TX, 77581",coming soon,N/A
Club Pilates West U,"3277 Southwest Freeway, Suite B, Houston, TX, 77027",Open,69
Club Pilates Tanglewood,"6401 Woodway Drive, Ste. 167, Houston, TX, 77057",Open,79
Club Pilates Bellaire,"5103 Bellaire Blvd, #245, Bellaire, TX, 77401",Open,53
Club Pilates Towne Lake,"9955 Barker Cypress Rd., Ste. 215, Cypress, TX, 77433",Open,72
Club Pilates College Station,"910 William D Fitch Parkway, Suite 600, College Station, TX, 77845",Open,64
Club Pilates Pearland,"2810 Business Center Drive, Suite 114, Pearland, TX, 77584",Open,66
Club Pilates Memorial,"14129 Memorial Dr, Houston, TX, 77079",Open,78
Club Pilates Sienna,"8740 Hwy 6, #100, Missouri City, TX, 77459",Open,62
Club Pilates Waco,"6500 Woodway Drive, Suite 117, Waco, TX, 76712",Open,65
Club Pilates Sugar Land,"3157 Hwy 6, Sugar Land, TX, 77478",Open,74
Club Pilates Cinco Ranch,"22100 Westheimer Parkway, Katy, TX, 77450",Open,64
Club Pilates Richmond,"10169 Grand Parkway South, STE. 400, Richmond, TX, 77407",Open,70
Club Pilates Telfair,"13425 University Blvd, Suite 355, Sugar Land, TX, 77479",Open,57
Club Pilates Katy,"10705 Spring Green Blvd., Ste. 200, Katy, TX, 77494",Open,78
Club Pilates West Temple,"6768 W Adams Ave, #102, Temple, TX, 76502",Open,58
Club Pilates Georgetown,"1225 S. IH 35, Georgetown, TX, 78626",Open,60
Club Pilates Round Rock,"2800 South Interstate Highway 35 Frontage Road, Ste 160, Round Rock, TX, 78681",Open,75
Club Pilates Bar W,"19388 Ronald Regan W Blvd., Suite 650, Leander, TX, 78641",coming soon,N/A
Club Pilates Cedar Park,"5001 183A Toll Rd., Ste. G200, Cedar Park, TX, 78613",Open,74
Club Pilates North Burnet,"11005 Burnet Road, Suite 106, Austin, TX, 78758",Open,68
Club Pilates Northwest Hills,"3563 Far West Blvd., Suite 112, Austin, TX, 78731",Open,74
Club Pilates East Austin,"1011 E 5th Street, Suite 130, Austin, TX, 78702",Open,62
Club Pilates Steiner Ranch,"3810 N Quinlan Park Rd, Austin, TX, 78732",Open,62
Club Pilates Westlake,"6317 Bee Cave Rd., Suite 220, Austin, TX, 78746",Open,56
Club Pilates William Cannon,"4220 W. William Cannon Dr., Suite 110, Austin, TX, 78749",Open,79
Club Pilates Southpark Meadows,"9900 S. IH 35, Building M, Suite A500, Austin, TX, 78748",Open,47
Club Pilates Lakeway,"2951 Ranch Road 620 S, Ste. 103, Lakeway, TX, 78738",Open,63
Club Pilates Buda,"1245 Main St, Suite 310, Buda, TX, 78610",Open,72
Club Pilates Belterra,"166 Hargraves Drive, Ste C500, Austin, TX, 78737",Open,78
Club Pilates Kyle,"5581 Kyle Center Dr., Ste. 103, Kyle, TX, 78640",Open,69
Club Pilates Abilene,"4150 Southwest Drive, Suite 118, Abilene, TX, 79606",Open,66
Club Pilates New Braunfels,"1935 W. State Hwy. 46, Ste. 104, New Braunfels, TX, 78132",Open,80
Club Pilates Amarillo,"7669 Hillside Rd, Suite 200, Amarillo, TX, 79119",Open,40
Club Pilates Schertz,"6018 FM 3009, Suite 50, Schertz, TX, 78154",Open,79
Club Pilates Stone Oak,"20210 Stone Oak Pkwy., Ste. 105, San Antonio, TX, 78258",Open,72
Club Pilates Canyon Creek,"1150 N. Loop 1604 W., Ste.140, San Antonio, TX, 78248",Open,64
Club Pilates Quarry Market,"255 E. Basse Road, #360, San Antonio, TX, 78209",Open,64
Club Pilates Dominion,"21803 IH-10 West, San Antonio, TX, 78257",Open,70
Club Pilates Helotes,"12423 Bandera Road, Helotes, TX, 78023",Open,81
Club Pilates Stevens Ranch,"14244 Potranco Road, San Antonio, TX, 78253",Open,78
Club Pilates Corpus Christi,"4938 South Staples Street, Suite D-17, Corpus Christi, TX, 78411",Open,67
Club Pilates San Angelo,"3534 Sherwood Way, San Angelo, TX, 76901",Closed,N/A
Club Pilates Lubbock South,"10305 Quaker Ave., Space 900, Lubbock, TX, 79424",Open,50
Club Pilates Southlands,"6295 S Main St., #B-102, Aurora, CO, 80016",Open,71
Club Pilates Loveland,"4184 St. Cloud Drive, Unit 106, Loveland, CO, 80538",coming soon,N/A
Club Pilates Aurora,"18121 E. Hampden Ave., Ste. 1, Aurora, CO, 80013",Open,63
Club Pilates Front Range Village,"2720 Council Tree Ave, Suite 106, Fort Collins, CO, 80525",Open,81
Club Pilates Parker,"11280 S. Twenty Mile Road, Suite 104, Parker, CO, 80134",Open,62
Club Pilates Quebec Plaza,"7355 E. 128th Ave., Thornton, CO, 80602",Open,54
Club Pilates Old Town,"244 North College Ave, Suite 125, Fort Collins, CO, 80524",Open,66
Club Pilates Central Park,"3585 Central Park Blvd, Suite 180, Denver, CO, 80238",Open,76
Club Pilates Lowry,"200 Quebec Bldg 500, Suite 109, Denver, CO, 80230",Open,65
Club Pilates Thornton,"14336 Lincoln St., Thornton, CO, 80023",Open,66
Club Pilates Greenwood Village,"7600 Landmark Way, B 106, Greenwood Village, CO, 80111",Open,61
Club Pilates Lone Tree,"10005 Commons St., Lone Tree, CO, 80124",Open,64
Club Pilates Cherry Creek,"3033 E 1st Ave, Ste 102, Denver, CO, 80206",Open,46
Club Pilates Dublin,"5935 Dublin Blvd., Colorado Springs, CO, 80923",Open,55
Club Pilates Castle Rock,"6360 Promenade Parkway, Unit 120, Castle Rock, CO, 80108",Open,78
Club Pilates Longmont,"700 Ken Pratt Blvd, Suite 101, Longmont, CO, 80501",Open,67
Club Pilates Cherry Hills,"3576 S. Logan St. Unit B, Englewood, CO, 80113",Open,56
Club Pilates Briargate,"9288 Forest Bluffs View, Unit 100, Colorado Springs, CO, 80920",Open,45
Club Pilates Waneka,"535 W. South Boulder Rd., Ste. 240, Lafayette, CO, 80026",Open,40
Club Pilates Monument,"810 Sky Vista Pt, Suite 120, Colorado Springs, CO, 80921",Open,79
Club Pilates Sloans Lake,"1931 Sheridan Blvd, Unit V, Edgewater, CO, 80214",Open,71
Club Pilates Arvada,"7705 Wadsworth Blvd., Suite 13, Arvada, CO, 80003",Open,58
Club Pilates Highlands Ranch West,"2229 Wildcat Reserve Parkway, Highlands Ranch, CO, 80129",Open,62
Club Pilates Belmar,"437 S Wadsworth Blvd, Suite F, Lakewood, CO, 80226",Open,71
Club Pilates Ivywild,"120 East Cheyenne Road, Suite 150, Colorado Springs, CO, 80906",Open,66
Club Pilates Ken Caryl,"11757 West Ken Caryl Ave., Suite G, Littleton, CO, 80127",Open,75
Club Pilates Boulder,"2850 Baseline Rd., Unit A-2, Boulder, CO, 80303",Open,41
Club Pilates North McAllen,"1200 Auburn Avenue, Suite 420, McAllen, TX, 78504",coming soon,N/A
Club Pilates Laredo,"7718 McPherson Rd, Suite 5, Laredo, TX, 78045",coming soon,N/A
Club Pilates Billings,"1411 38th Street West, Suite 2, Billings, MT, 59102",Open,63
Club Pilates Enchanted Hills,"3575 NM Hwy 528 NE, Suite H-100, Rio Rancho, NM, 87144",Open,39
Club Pilates Juan Tabo,"11008 Montgomery Blvd. NE, Albuquerque, NM, 87111",Open,58
Club Pilates Andalucia,"5600 Coors Blvd NW, Ste. G-2, Albuquerque, NM, 87120",Open,50
Club Pilates Bozeman,"1707 W. Oak Street, Suite C, Bozeman, MT, 59715",Open,56
Club Pilates El Paso East,"3260 N. Zaragoza Rd, Suite C303, El Paso, TX, 79938",Open,46
Club Pilates Las Cruces,"4300 N. Sonoma Ranch Blvd, Suite F, Las Cruces, NM, 88011",Open,46
Club Pilates El Paso West,"7470 Cimarron Market, Building 6, Suite 200, El Paso, TX, 79911",Open,54
Club Pilates Idaho Falls,"2749 East Sunnyside Rd, Ammon, ID, 83406",Open,57
Club Pilates Park City,"1153 Center Drive G190, Park City, UT, 84098",Open,48
Club Pilates South Ogden,"1695 East Skyline Drive, Suite 5, South Ogden, UT, 84405",Open,51
Club Pilates Bountiful,"530 W. 500 S., Ste. D, Bountiful, UT, 84010",Open,46
Club Pilates Layton,"210 south Fort Lane, Suite 5, Layton, UT, 84041",Open,58
Club Pilates Millcreek,"1140 E. Brickyard Rd., #30, Salt Lake City, UT, 84106",Open,72
Club Pilates Sandy,"2077 East 9400 South, Sandy, UT, 84093",Open,67
Club Pilates Pleasant Grove,"1043 S. Valley Grove Way, Suite C, Pleasant Grove, UT, 84062",coming soon,N/A
Club Pilates Marmalade,"569 North 300 West, Salt Lake City, UT, 84103",Open,51
Club Pilates Draper,"11483 S. State Street, Ste F, Draper, UT, 84020",coming soon,N/A
Club Pilates Lehi,"1881 W. Traverse Pkwy, Ste. B, Lehi, UT, 84043",Open,76
Club Pilates Saratoga Springs,"1168 North Redwood Road, Suite B-204, Saratoga Springs, UT, 84045",Open,50
Club Pilates The District Sojo,"11531 South District Main Drive, Suite 1000, South Jordan, UT, 84095",Open,66
Club Pilates Sherwood Centre,"1020 Sherwood Drive, Sherwood Park, AB, T8A 2G4",coming soon,N/A
Club Pilates 130th,"4916-130 Ave SE, #527, Calgary, AB, T2Z 0B2",Open,71
Club Pilates Red Deer,"#120-7 Chambers Ave, Red Deer, AB, T4P 0M9",Open,59
Club Pilates Shawnessy,"108 Shawville Place SE, Unit 175, Calgary, AB, T2Y 3R9",Open,81
Club Pilates Windermere,"316 Windermere Road, Suite 211, Edmonton, AB, T6W2Z8",Open,64
Club Pilates Marda Loop,"130, 2107-34th Ave SW, Calgary, AB, T2T 2C5",Open,83
Club Pilates West Springs,"8561 8A Ave SW, #2102, Calgary, AB, T3H 0V5",Open,86
Club Pilates Royal Oak,"8650 112 Ave. NW, #4104, Calgary, AB, T3R 0R5",Open,82
Club Pilates Flagstaff,"601 Piccadilly Dr, Flagstaff, AZ, 86001",coming soon,N/A
Club Pilates Tucson Foothills,"6872 E. Sunrise Dr., Ste. 150, Tucson, AZ, 85750",Open,78
Club Pilates Oro Valley,"7972 N Oracle Rd, Oro Valley, AZ, 85704",Open,68
Club Pilates East Mesa,"3130 N Recker Rd, Suite 103, Mesa, AZ, 85215",Open,85
Club Pilates Morrison Ranch,"3546 S. Power Road, Shops A, Gilbert, AZ, 85234",coming soon,N/A
Club Pilates Queen Creek,"21051 S. Ellsworth Loop Rd., Ste. 103, Queen Creek, AZ, 85142",Open,81
Club Pilates North Scottsdale,"31313 N. Scottsdale Rd., Ste.100, Scottsdale, AZ, 85266",Open,70
Club Pilates Scottsdale Shea,"9301 E Shea Blvd, Ste 127, Scottsdale, AZ, 85260",Open,78
Club Pilates Prescott,"3250 Gateway Blvd, Suite 210, Prescott, AZ, 86303",coming soon,N/A
Club Pilates Scottsdale Promenade,"16447 N. Scottsdale Rd., Ste. 119, Scottsdale, AZ, 85254",Open,73
Club Pilates North Gilbert,"2110 East Baseline Rd., Suite 3, Mesa, AZ, 85204",Open,70
Club Pilates Gilbert,"3131 S. Market St., Suite 103, Gilbert, AZ, 85295",Open,73
Club Pilates Pioneer Parkway,"3542 Pioneer Parkway, Suite 104, Santa Clara, UT, 84765",Open,60
Club Pilates Desert Ridge,"20910 N. Tatum Blvd., Suite 110, Phoenix, AZ, 85050",Open,72
Club Pilates Gainey Ranch,"8787 N. Scottsdale Rd., Ste. 232, Scottsdale, AZ, 85253",Open,63
Club Pilates Chandler,"4085 South Gilbert Rd, Shops B Suite 5, Chandler, AZ, 85249",Open,89
Club Pilates Paradise Valley,"10633 N Tatum Blvd, #102, Phoenix, AZ, 85028",Open,71
Club Pilates Anthem,"39508 NW Daisy Mountain Drive, Suite 126, Phoenix, AZ, 85086",coming soon,N/A
Club Pilates Tempe,"1825 E. Guadalupe Rd., Suite F-102, Tempe, AZ, 85283",Open,78
Club Pilates Moon Valley,"401 E. Bell Rd, Phoenix, AZ, 85022",coming soon,N/A
Club Pilates Norterra,"2450 W Happy Valley Road, #1149, Phoenix, AZ, 85085",Open,63
Club Pilates Ocotillo,"1211 W. Ocotillo Road, Suite 102, Chandler, AZ, 85248",coming soon,N/A
Club Pilates Arcadia,"3750 E. Indian School Rd., Phoenix, AZ, 85018",Open,69
Club Pilates Central Phoenix,"6819 N. 16th St., Ste. 7, Phoenix, AZ, 85016",Open,69
Club Pilates Ahwatukee,"8738 S. Emerald Drive, Tempe, AZ, 85284",Open,61
Club Pilates Arrowhead,"17570 N 75th Ave., Bldg F, Ste 630, Glendale, AZ, 85308",Open,66
Club Pilates Lake Pleasant,"24775 N Lake Pleasant Parkway, Suite 102, Peoria, AZ, 85383",Open,85
Club Pilates Hayden,"9235 N Government Way, Hayden, ID, 83835",Open,56
Club Pilates Bown Crossing Boise,"3065 South Bown Way, Boise, ID, 83706",Open,64
Club Pilates Park West,"9744 W. Northern Ave, Suite 1350, Peoria, AZ, 85345",coming soon,N/A
Club Pilates Eagle,"3130 E. State St., Ste. 115, Eagle, ID, 83616",Open,62
Club Pilates Amity,"3007 E. Mount Etna, Suite 110, Meridian, ID, 83642",coming soon,N/A
Club Pilates Surprise,"17200 West Peoria Ave, Surprise, AZ, 85388",Open,63
Club Pilates Goodyear,"783 South Cotton Lane, Suite C-2, Goodyear, AZ, 85338",Open,73
Club Pilates Spokane Valley,"15735 E Broadway Ave, Ste 3C2, Spokane Valley, WA, 99037",Open,53
Club Pilates South Spokane,"2622 E. 29th Ave., Spokane, WA, 99223",Open,55
Club Pilates North Spokane,"9502 N Newport Hwy, Spokane, WA, 99218",Open,46
Club Pilates Aliante,"6905 Aliante Parkway, Suite 104, North Las Vegas, NV, 89084",Open,64
Club Pilates Green Valley,"4140 East Sunset Road, Henderson, NV, 89014",Open,57
Club Pilates Henderson,"10525 S. Eastern Ave., Suite 140, Henderson, NV, 89052",Open,73
Club Pilates Centennial Hills,"9670 W. Skye Canyon Park Dr., Suite 120, Las Vegas, NV, 89166",Open,68
Club Pilates Summerlin,"7460 W. Lake Mead Blvd., #E1, Las Vegas, NV, 89128",Open,73
Club Pilates Spring Valley,"5060 S Fort Apache Rd, Ste 115, Las Vegas, NV, 89148",Open,68
Club Pilates Mountains Edge,"8015 Blue Diamond Rd., #155, Las Vegas, NV, 89178",Open,71
Club Pilates Kelowna,"1455 Harvey Avenue, Kelowna, BC, V1Y 6E9",Open,75
Club Pilates Kamloops,"500 Notre Dame Drive, Unit #230, Kamloops, BC, V2C 6T6",Open,74
Club Pilates La Quinta,"78437 Ca-111, La Quinta, CA, 92253",Open,62
Club Pilates Rancho Mirage,"42440 Bob Hope Dr., Ste. 2, Rancho Mirage, CA, 92270",Open,75
Club Pilates Palm Springs,"425 S. Sunrise Way, Suite H2, Palm Springs, CA, 92262",Open,71
Club Pilates Chilliwack,"5535 Vedder Road, Suite 103, Chilliwack, BC, V2R 6H8",Open,72
Club Pilates Sparks,"2453 Wingfield Hills Rd., Ste. 110, Sparks, NV, 89436",Open,59
Club Pilates Sammamish,"608 228th Ave NE, Suite 608, Sammamish, WA, 98074",coming soon,N/A
Club Pilates Maple Valley,"23818 225TH AVE SE, SUITE 104, MAPLE VALLEY, WA, 98038",Open,59
Club Pilates Redlands,"450 W. Stuart Ave., Ste. 120, Redlands, CA, 92374",Open,71
Club Pilates Bend,"20520 Robal Lane, Ste. 104, Bend, OR, 97701",Open,58
Club Pilates Redmond,"15782 Redmond Way, Redmond, WA, 98052",Open,87
Club Pilates Woodinville,"14039 NE Woodinville-Duvall Rd, Woodinvile, WA, 98072",Open,65
Club Pilates Reno,"6815 Sierra Center Pkwy, #500, Reno, NV, 89511",Open,53
Club Pilates Bellevue,"1910 132nd Ave NE, Ste 8, Bellevue, WA, 98005",Open,85
Club Pilates Newcastle,"13382 Newcastle Commons Dr., Newcastle, WA, 98059",Open,84
Club Pilates Mill Creek Plaza,"16310 Bothell-Everett Hwy, Suite D, Mill Creek, WA, 98012",Open,76
Club Pilates Bothell,"22833 Bothell Everett Highway, Suite #147, Bothell, WA, 98021",Open,74
Club Pilates Kirkland,"213 Park Ln., Kirkland, WA, 98033",Open,55
Club Pilates Renton,"17621 108th Ave SE, Renton, WA, 98055",coming soon,N/A
Club Pilates NW Reno,"1620 Robb Dr., Ste. C1, Reno, NV, 89523",Open,58
Club Pilates Mercer Island,"2601 76th Ave SE, Ste. 103, Mercer Island, WA, 98040",Open,54
Club Pilates Moreno Valley (LA Fitness),"2600 CANYON SPRINGS PARKWAY, Riverside, CA, 92507",Open,24
Club Pilates Kent,"124 4th Ave South, Ste 130, Kent, WA, 98032",Open,66
Club Pilates Temecula,"33175 Temecula Pkwy, Ste. C, Temecula, CA, 92592",Open,50
Club Pilates South Lake Union,"413 Fairview Ave N., Seattle, WA, 98109",Open,65
Club Pilates Mission Grove,"321 E. Alessandro Blvd., #2G, Riverside, CA, 92508",Open,73
Club Pilates Crown Hill,"9749 Holman Rd, Seattle, WA, 98117",coming soon,N/A
Club Pilates Queen Anne,"124 Denny Way, Seattle, WA, 98109",Open,60
Club Pilates Murrieta,"39028 Winchester Rd., #111, Murrieta, CA, 92563",Open,57
Club Pilates Fontana,"15070 Summit Ave, Suite 410, Fontana, CA, 92336",Closed,N/A
Club Pilates Arlington (LA Fitness),"3437 ARLINGTON AVE, Riverside, CA, 92506",Open,21
Club Pilates West Seattle,"4722 Fauntleroy Way SW, Ste B, West Seattle, WA, 98116",Open,64
Club Pilates Langley,"20159 88 Ave, A104, Langley, BC, V1M 0A4",Open,82
Club Pilates Willowbrook,"6179 200 Street, Langley, BC, V2Y1A2",coming soon,N/A
Club Pilates Wildomar,"36100 Hidden Springs Rd., Suite C, Wildomar, CA, 92595",Open,67
Club Pilates Rancho Cucamonga,"12335 Baseline Road., H-115, Rancho Cucamonga, CA, 91739",Open,83
Club Pilates Magnolia (LA Fitness),"10988 MAGNOLIA AVE, RIVERSIDE, CA, 92505",Open,19
Club Pilates Coquitlam,"3025 Lougheed Hwy, Unit 242, Coquitlam, BC, V3B 6S2",Open,78
Club Pilates Fleetwood,"8645 160th, #113B, Surrey, BC, V4N1G4",Open,54
Club Pilates South Surrey,"2245 160th St., Unit 20, Surrey, BC, V3Z9N6",Open,74
Club Pilates Upland,"1118 E. 19th St, Suite C, Upland, CA, 91784",Open,76
Club Pilates Escondido,"1835 South Centre City Parkway, Suite J, Escondido, CA, 92025",Open,79
Club Pilates West Tacoma,"5738 N 26th St, Tacoma, WA, 98407",Open,62
Club Pilates Granite Hills,"747 Jamacha Rd., El Cajon, CA, 92019",Open,80
Club Pilates Corona,"2785 Cabot Dr, 176, Corona, CA, 92883",Open,55
Club Pilates Poway,"13265 Midland Rd, Ste 130, Poway, CA, 92064",Open,47
Club Pilates Rancho Bernardo,"12145 Alta Carmel Ct, Ste 220, San Diego, CA, 92128",Open,63
Club Pilates Eastvale-Norco,"2420 River Road, Suite 210, Norco, CA, 92860",Open,60
Club Pilates Santee,"9331 Mission Gorge Rd #109, Santee, CA, 92071",Open,58
Club Pilates 4S Ranch,"16615 Dove Canyon Road, Suite 115, San Diego, CA, 92127",Open,71
Club Pilates San Marcos,"904 W San Marcos Blvd, Suite 5, San Marcos, CA, 92078",Open,64
Club Pilates La Mesa,"8011 University Ave Suite C3, La Mesa, CA, 91942",Open,77
Club Pilates La Verne,"1568 Foothill Blvd, Ste 170, La Verne, CA, 91750",coming soon,N/A
Club Pilates Mira Mesa,"9460 Mira Mesa Blvd, Unit P, San Diego, CA, 92126",Open,71
Club Pilates Chino Hills,"13920 City Center Dr., Suite 4010, Chino Hills, CA, 91709",Open,72
Club Pilates Oside,"125 Old Grove Road, Suite 13, Oceanside, CA, 92057",Open,68
Club Pilates Eastlake,"2015 Birch Road, Suite 1204, Chula Vista, CA, 91915",Open,61
Club Pilates La Costa,"6949 El Camino Real, Suite C107, Carlsbad, CA, 92011",Open,64
Club Pilates San Dimas,"915 W. Arrow Hwy, San Dimas, CA, 91773",Open,78
Club Pilates Mission Valley,"10330 Friars Road 112, San Diego, CA, 92120",Open,65
Club Pilates Rancho Santa Margarita,"31431 Santa Margarita Parkway, Ste. A, Rancho Santa Margarita, CA, 92688",Open,67
Club Pilates North Vancouver,"149 East 13th Street, Vancouver, BC, V7L 2L3",coming soon,N/A
Club Pilates Carlsbad,"1818 Marron Road, Suite 102, Carlsbad, CA, 92008",Open,56
Club Pilates Solana Beach,"136 S. Solana Hills Dr., Solana Beach, CA, 92075",Open,55
Club Pilates Anaheim Hills,"701 S. Weir Canyon Rd, Suite 117, Anaheim, CA, 92808",Open,71
Club Pilates Del Mar,"12843 El Camino Real, Suite 202, San Diego, CA, 92130",Open,74
Club Pilates Encinitas,"555 2nd St., Suite 2, Encinitas, CA, 92024",Closed,N/A
Club Pilates Ironwood,"110 - 11380 Steveston Highway, Richmond, BC, V7A 5J5",Open,81
Club Pilates North Park,"3959 30th Street, Suite 101, San Diego, CA, 92104",Open,66
Club Pilates Downtown Vancouver,"941 Hornby St, Vancouver, BC, V6Z 1V3",Open,81
Club Pilates West Palmdale,"1301 Rancho Vista Blvd, Suite 1430, Palmdale, CA, 93551",coming soon,N/A
Club Pilates Lake Forest (LA Fitness),"29400 PORTOLA PARKWAY, LAKE FOREST, CA, 92630",Open,22
Club Pilates Foothill Ranch,"41 Auto Center Drive, 109B, Foothill Ranch, CA, 92610",Open,61
Club Pilates West Covina,"2688 East Garvey Ave South, West Covina, CA, 91791",Open,61
Club Pilates Diamond Bar,"21349 Cold Spring Lane, Diamond Bar, CA, 91765",coming soon,N/A
Club Pilates Bay Park,"3089 Clairemont Dr, Suite B, San Diego, CA, 92117",Open,90
Club Pilates La Jolla,"8657 Villa La Jolla Drive, Suite #125, La Jolla, CA, 92037",Open,74
Club Pilates Bankers Hill,"2760 5th Ave, Suite 110, San Diego, CA, 92103",Open,59
Club Pilates Kitsilano,"2682 West Broadway, Vancouver, BC, V6K 4K4",Open,70
Club Pilates Sycamore Canyon (LA Fitness),"5757 SANTA ANA CANYON Road, ANAHEIM HILLS, CA, 92807",Open,30
Club Pilates Yorba Linda,"18425 Yorba Linda Blvd, Yorba Linda, CA, 92886",Open,74
Club Pilates Sendero,"30917 Gateway Place, #F-8, Rancho Mission Viejo, CA, 92694",Open,57
Club Pilates Camas,"19215 SE 34th St, Ste 108, Camas, WA, 98607",Open,53
Club Pilates Mission Viejo,"25800 Jeronimo Road, Ste 404, Mission Viejo, CA, 92691",Open,69
Club Pilates San Clemente,"802 Avenida Talega, #104, San Clemente, CA, 92673",Open,76
Club Pilates Brea,"3357 E. Imperial Hwy., Brea, CA, 92823",Open,76
Club Pilates Monrovia,"1169 Huntington Drive, Duarte, CA, 91010",Open,63
Club Pilates Liberty Station,"2750 Dewey Rd., Ste. 102, San Diego, CA, 92106",Open,78
Club Pilates Orange - Villa Park,"17767 Santiago Blvd, Suite 610, Villa Park, CA, 92861",Open,143
Club Pilates Happy Valley,"12900 SE 162nd Ave., Ste. 101, Happy Valley, OR, 97086",Open,66
Club Pilates Los Olivos,"8503 Irvine Center Drive, Irvine, CA, 92618",Open,71
Club Pilates Aliso Viejo,"27270 Alicia Parkway, Suite 4E, Laguna Niguel, CA, 92677",coming soon,N/A
Club Pilates Alton Square,"5405 Alton Parkway, Suite B, Irvine, CA, 92604",Open,69
Club Pilates Laguna Niguel,"30100 Town Center Drive, Suite B-1, Laguna Niguel, CA, 92677",Open,74
Club Pilates Dana Point,"33611 Del Obispo St, Ste C, Dana Point, CA, 92629",Open,72
Club Pilates Tustin,"15080 Kensington Park Dr., Suite G 310, Tustin, CA, 92782",Open,85
Club Pilates La Habra,"1470 S Harbor Blvd, La Habra, CA, 90631",Open,64
Club Pilates Irvine Crossroads (LA Fitness),"3960 BARRANCA PKWY, IRVINE, CA, 92606",Open,37
Club Pilates Pasadena,"3735 E Foothill Blvd., Pasadena, CA, 91107",Open,74
Club Pilates Fullerton,"1313 S. Harbor Blvd, Fullerton, CA, 92832",Open,49
Club Pilates XSTUDIO,"17522 Von Karman Ave., Suite H, Irvine, CA, 92614",Open,2
Club Pilates Michelson (LA Fitness),"3021 Michelson Drive, Irvine, CA, 92612",Open,52
Club Pilates UTC,"4143 Campus Dr, Suite C 198, Irvine, CA, 92612",Open,67
Club Pilates Hazel Dell,"7901 NE 6th Ave., Suite 109, Vancouver, WA, 98665",Open,44
Club Pilates Southeast Woodstock,"4324 SE Woodstock Blvd, Suite 101, Portland, OR, 97206",coming soon,N/A
Club Pilates Grant Park,"3218 NE Broadway, Portland, OR, 97232",Closed,N/A
Club Pilates West Linn,"1554 Garden, Street #101, West Linn, OR, 97068",Open,71
Club Pilates La Canada Flintridge,"637 Foothill Blvd., Suite 637, La Cañada Flintridge, CA, 91011",Open,57
Club Pilates South Pasadena,"1123 Fair Oaks Ave, South Pasadena, CA, 91030",Open,86
Club Pilates Slabtown,"1500 Northwest, 21st Ave, Portland, OR, 97209",coming soon,N/A
Club Pilates Costa Mesa,"1525 Mesa Verde Dr. E., Ste 123, Costa Mesa, CA, 92626",Open,56
Club Pilates Newport Beach,"1040 Bayside Dr., Newport Beach, CA, 92660",Open,72
Club Pilates Garden Grove,"12965 Beach Blvd., Garden Grove, CA, 92841",Open,51
Club Pilates Lake Oswego,"3 Monroe Parkway, Suite 300F, Lake Oswego, OR, 97035",Open,63
Club Pilates Cypress,"10135 Valley View Street, Cypress, CA, 90630",Open,53
Club Pilates Garden Grove (LA Fitness),"11932 Valley View Steet, Garden Grove, CA, 92845",Open,24
Club Pilates West Hills,"7515 SW Barnes Rd., Ste. 102, Portland, OR, 97225",Open,75
Club Pilates Huntington Beach,"7012 Edinger, #103, Huntington Beach, CA, 92647",Open,69
Club Pilates Victoria,"3440 Saanich Road, Suite 105, Victoria, BC, V8Z 0B9",coming soon,N/A
Club Pilates Cerritos,"11900 South St, Ste. 120, Cerritos, CA, 90703",Open,60
Club Pilates South Huntington Beach,"8945 Atlanta Ave, Huntington Beach, CA, 92646",Open,78
Club Pilates HB Newland Center,"19730 Beach Blvd., Huntington Beach, CA, 92648",Open,70
Club Pilates Glendale,"329 Brand Blvd, Glendale, CA, 91203",Open,38
Club Pilates Seacliff (LA Fitness),"19330 Goldenwest St, Huntington Beach, CA, 92648",Open,26
Club Pilates Seal Beach,"12830 Seal Beach Blvd, Unit A, Seal Beach, CA, 90740",Open,69
Club Pilates Wilsonville,"8695 SW Jack Burns Blvd, Suite F, Wilsonville, OR, 97070",coming soon,N/A
Club Pilates Cedar Hills,"2725 SW Cedar Hills Blvd., Ste. 100, Beaverton, OR, 97005",Open,80
Club Pilates Lakewood Heartwell,"4146 Woodruff Ave, Lakewood, CA, 90713",Open,64
Club Pilates Burbank,"209 E. Orange Grove Ave, Burbank, CA, 91502",Open,73
Club Pilates Little Tokyo,"200 S. Los Angeles Street, Suite E, Los Angeles, CA, 90012",Open,66
Club Pilates Echo Park,"1720 W Sunset Blvd, Los Angeles, CA, 90026",Open,69
Club Pilates East Long Beach,"5939 E. Spring St., Long Beach, CA, 90808",Open,143
Club Pilates Colwood,"1909 Sooke Rd, #113, Victoria, BC, V9B 1V8",coming soon,N/A
Club Pilates Progress Ridge,"12305 SW Horizon Blvd, Suite J207, Beaverton, OR, 97007",Open,66
Club Pilates Long Beach Marina,"6236 Pacific Coast Highway, Long Beach, CA, 90803",coming soon,N/A
Club Pilates Clovis,"1295 Herndon Ave., Suite 101, Clovis, CA, 93612",Open,77
Club Pilates Tualatin-Sherwood,"21370 Sw. Langer Farms Pkwy., Ste.144, Sherwood, OR, 97140",Open,57
Club Pilates Santa Clarita (LA Fitness),"26455 GOLDEN VALLEY ROAD, SANTA CLARITA, CA, 91350",Open,22
Club Pilates NoHo,"5077 Lankershim Blvd., Suite F, North Hollywood, CA, 91601",Open,76
Club Pilates Hillsboro,"7519 SE Blanton Street, Hillsboro, OR, 97123",coming soon,N/A
Club Pilates WeHo,"7318 Santa Monica Blvd, Ste 20, West Hollywood, CA, 90046",Open,81
Club Pilates Miracle Mile,"724 South La Brea Ave, Los Angeles, CA, 90036",Open,70
Club Pilates Valencia,"27736 McBean Pkwy, Valencia, CA, 91354",Open,74
Club Pilates Valencia (LA Fitness),"28211 NEWHALL RANCH RD, VALENCIA, CA, 91355",Open,20
Club Pilates North Fresno,"7735 N. Blackstone, Suite 101, Fresno, CA, 93720",Open,77
Club Pilates Sherman Oaks,"13727 Ventura Blvd, Sherman Oaks, CA, 91423",Open,52
Club Pilates NW Bakersfield,"4300 Coffee Road, Suite A2, Bakersfield, CA, 93308",Open,67
Club Pilates Stevenson Ranch,"25832 The Old Rd, Valencia, CA, 91381",coming soon,N/A
Club Pilates Granada Hills,"18037 Chatsworth Street, Granada Hills, CA, 91344",Open,80
Club Pilates Culver City,"10732 Jefferson Blvd., Culver City, CA, 90230",Open,82
Club Pilates SW Bakersfield,"9000 Ming Ave., Ste. J1, Bakersfield, CA, 93311",Open,71
Club Pilates West LA,"10955 W Pico Blvd, Los Angeles, CA, 90064",Open,54
Club Pilates Brentwood,"11677 San Vicente Blvd., #304, Los Angeles, CA, 90049",Open,72
Club Pilates Torrance,"2539 Pacific Coast Highway, Suite D, Torrance, CA, 90505",coming soon,N/A
Club Pilates Marina Del Rey,"13175 Mindanao Way, Suite A3, Marina Del Rey, CA, 90292",coming soon,N/A
Club Pilates Tarzana,"18741 Ventura Blvd., Tarzana, CA, 91356",Open,82
Club Pilates Manhattan Beach,"903 N. Sepulveda Blvd., Manhattan Beach, CA, 90266",Open,77
Club Pilates Redondo Beach,"1914 S Pacific Coast Highway, Space 2C, Redondo Beach, CA, 90277",Open,56
Club Pilates Palos Verdes,"59 Peninsula Center, Rolling Hills Estates, CA, 90274",Open,40
Club Pilates Pacific Palisades,"15230 Sunset Blvd., Pacific Palisades, CA, 90272",Open,62
Club Pilates Woodland Hills,"6528 Platt Avenue, West Hills, CA, 91307",coming soon,N/A
Club Pilates South Salem,"4555 Liberty Road S, 270, Salem, OR, 97302",coming soon,N/A
Club Pilates Simi Valley,"2955 Cochran St., #B201, Simi Valley, CA, 93065",Open,63
Club Pilates Thousand Oaks,"1772 East Avenida De Los Arboles, Suite M, Thousand Oaks, CA, 91362",Open,58
Club Pilates Westlake Village,"2820 Townsgate Road, Unit 107, Westlake Village, CA, 91361",Open,69
Club Pilates El Dorado Hills,"4311 Town Center, Suite 430, El Dorado Hills, CA, 95762",Open,55
Club Pilates Eugene,"440 Coburg Road, Suite 100A, Eugene, OR, 97401",Open,81
Club Pilates Folsom,"2766 E Bidwell St., Ste. 100, Folsom, CA, 95630",Open,80
Club Pilates Granite Bay,"6949 Douglas Blvd, Granite Bay, CA, 95746",coming soon,N/A
Club Pilates Rocklin,"5424 Crossings Dr, Suite 101, Rocklin, CA, 95677",Open,69
Club Pilates Camarillo,"2360-F Las Posas Rd., Camarillo, CA, 93010",Open,66
Club Pilates Twelve Bridges,"640 Twelve Bridges Drive, Suite 130, Lincoln, CA, 95648",Open,70
Club Pilates Roseville,"1921 Douglas Blvd., Suite 104, Roseville, CA, 95661",Open,71
Club Pilates Blue Oaks,"1426 Blue Oaks Blvd, Unit 110, Roseville, CA, 95747",Open,73
Club Pilates Fair Oaks,"5317 Sunrise Blvd, Fair Oaks, CA, 95628",Open,64
Club Pilates Oxnard,"2786 Seaglass Way, Oxnard, CA, 93036",coming soon,N/A
Club Pilates Ventura,"4020 E Main St., #B-1-2, Ventura, CA, 93003",Open,78
Club Pilates Loehmann's Plaza,"2529 Fair Oaks Blvd., Sacramento, CA, 95825",Open,65
Club Pilates Elk Grove,"8235 Laguna Blvd., Ste. 120, Elk Grove, CA, 95758",Open,68
Club Pilates Midtown Sac,"1330 21st Street, Ste 101, Sacramento, CA, 95811",Open,71
Club Pilates Natomas,"2860 Del Paso Rd, Ste. 200, Sacramento, CA, 95834",Open,74
Club Pilates Gibson Plaza,"1849 E Gibson Rd, Suite A, Woodland, CA, 95776",Open,62
Club Pilates Five Points,"3951 State Street, Santa Barbara, CA, 93105",Open,78
Club Pilates Davis,"1361 W Covell Blvd, Davis, CA, 95616",Open,71
Club Pilates Tracy,"2620 S. Tracy Blvd., Suite 110-A, Tracy, CA, 95376",coming soon,N/A
Club Pilates Calle Real,"5801 Calle Real, Goleta, CA, 93117",coming soon,N/A
Club Pilates East Contra Costa,"5471 Lone Tree Way, Suite 100, Brentwood, CA, 94513",Open,73
Club Pilates Vacaville,"1671 E Monte Vista Ave, Suite 102, Vacaville, CA, 95688",Open,82
Club Pilates Paso Robles,"2051 Theatre Drive, Paso Robles, CA, 93446",Open,80
Club Pilates Arroyo Grande,"925 Rancho Parkway, Arroyo Grande, CA, 93420",Open,55
Club Pilates San Luis Obispo,"209 Madonna Road, San Luis Obispo, CA, 93405",Open,72
Club Pilates Danville,"3418 Camino Tassajara, Danville, CA, 94506",Open,73
Club Pilates Morgan Hill,"1053 Cochrane Rd., #100, Morgan Hill, CA, 95037",Open,65
Club Pilates Pleasanton,"6766 Bernal Ave., Ste. 530, Pleasanton, CA, 94566",Open,73
Club Pilates Pleasant Hill,"20 Crescent Drive, Suite 5E, Pleasant Hill, CA, 94523",Open,40
Club Pilates Walnut Creek,"1576 Botelho Drive, Walnut Creek, CA, 94596",Open,59
Club Pilates Benicia,"860 Southampton Road, Benicia, CA, 94510",coming soon,N/A
Club Pilates Napa,"651 Trancas Street, Napa, CA, 94558",Open,66
Club Pilates Fremont,"44047 Osgood Rd., Ste. 220, Fremont, CA, 94539",Open,53
Club Pilates Lafayette,"3506 Mt. Diablo Blvd., Ste. E, Lafayette, CA, 94549",Open,40
Club Pilates North San Jose,"1708 Oakland Rd., Suite 200, San Jose, CA, 95131",Open,68
Club Pilates Willow Glen,"1318 Lincoln Avenue, San Jose, CA, 95125",Open,65
Club Pilates Union City,"32175 Union Landing Blvd, Union City, CA, 94587",coming soon,N/A
Club Pilates Santa Clara,"3347 Coronado Place, Santa Clara, CA, 95054",coming soon,N/A
Club Pilates Los Gatos,"14010 Blossom Hill Rd, Los Gatos, CA, 95032",coming soon,N/A
Club Pilates Campbell,"10 E Hamilton Ave, Ste 300, Campbell, CA, 95008",Open,77
Club Pilates West San Jose,"4338 Moorpark Ave, San Jose, CA, 95129",Open,59
Club Pilates Sunnyvale,"562 E El Camino Real, Sunnyvale, CA, 94087",Open,68
Club Pilates Rockridge,"302 49th Street, Oakland, CA, 94609",Open,65
Club Pilates Alameda,"2651 Blanding Ave., Ste. D, Alameda, CA, 94501",Open,79
Club Pilates El Cerrito,"270 El Cerrito Plaza, El Cerrito, CA, 94530",coming soon,N/A
Club Pilates Cupertino,"20670 Stevens Creek Blvd, Cupertino, CA, 95014",Open,68
Club Pilates Mountain View,"1039 El Monte Ave, Suite E and G, Mountain View, CA, 94040",Open,73
Club Pilates Saratoga,"14410 Big Basin Way, Ste. E, Saratoga, CA, 95070",Open,43
Club Pilates Palo Alto,"490 California Ave., Ste. 120, Palo Alto, CA, 94306",Open,50
Club Pilates Redwood City,"336 Woodside Plaza, Redwood City, CA, 94061",Open,69
Club Pilates San Carlos,"50 El Camino Real, #50, San Carlos, CA, 94070",Open,67
Club Pilates Santa Cruz,"1010 Center Street, Santa Cruz, CA, 95060",Open,58
Club Pilates SOMA,"635 8th Street, San Francisco, CA, 94103",Open,58
Club Pilates Novato,"140 Vintage Way, Ste. G 10, Novato, CA, 94945",Open,60
Club Pilates Petaluma East,"289 N. McDowell Blvd., Petaluma, CA, 94954",Open,60
Club Pilates Union Street,"1515 Union Street, San Francisco, CA, 94123",coming soon,N/A
Club Pilates San Mateo,"15 North B Street, Suite F, San Mateo, CA, 94401",coming soon,N/A
Club Pilates Rohnert Park,"957 Golf Course Drive, Rohnert Park, CA, 94928",coming soon,N/A
Club Pilates Greenbrae,"184 Bon Air Center, Greenbrae, CA, 94094",Open,9
Club Pilates Pacific Grove,"188 Country Club Gate Center, Pacific Grove, CA, 93950",Open,62
Club Pilates Daly City,"3 Serramonte Center, Suite G654, Daly City, CA, 94015",coming soon,N/A
Club Pilates Honolulu,"987 Queen Street, Suite 102, Honolulu, HI, 96814",Open,67
